iso,year,IMF,OECD,EC,owa_0.1,owa_0.2,owa_0.3,owa_0.4,owa_0.5,owa_0.6,owa_0.7,owa_0.8,owa_0.9,mean,spread,range,most_opt,most_pes
AUS,2026,2.009,1.9474,2.1,1.9605,1.9744,1.9889,2.0037,2.0188,2.0342,2.0499,2.066,2.0826,2.0188,0.0916,0.1526,EC,OECD
AUS,2027,1.698,1.8441,1.7,1.7021,1.7104,1.7211,1.7335,1.7474,1.7627,1.7795,1.7981,1.819,1.7474,0.0877,0.1461,OECD,IMF
AUT,2026,0.682,0.7281,0.5631,0.585,0.6047,0.6233,0.6409,0.6578,0.6739,0.6893,0.7037,0.717,0.6578,0.099,0.165,OECD,EC
AUT,2027,1.004,1.1427,0.8781,0.9036,0.9295,0.9556,0.9818,1.0082,1.0348,1.0614,1.0882,1.1153,1.0082,0.1588,0.2646,OECD,EC
BEL,2026,0.661,0.7058,0.6742,0.6641,0.6678,0.6718,0.676,0.6803,0.6849,0.6897,0.6947,0.7,0.6803,0.0269,0.0448,OECD,IMF
BEL,2027,1.059,1.0755,0.9401,0.9612,0.9793,0.9957,1.0108,1.0249,1.0379,1.0498,1.0605,1.0695,1.0249,0.0812,0.1354,OECD,EC
BGR,2026,2.773,2.5418,2.4994,2.5129,2.5318,2.5539,2.5783,2.6047,2.633,2.6633,2.696,2.7317,2.6047,0.1641,0.2736,IMF,EC
BGR,2027,2.476,2.2819,2.1905,2.2115,2.2355,2.2611,2.2881,2.3161,2.3452,2.3754,2.4068,2.4399,2.3161,0.1713,0.2855,IMF,EC
CAN,2026,1.5,1.1566,1.4,1.2015,1.2423,1.2806,1.3172,1.3522,1.3858,1.4179,1.4483,1.4762,1.3522,0.206,0.3434,IMF,OECD
CAN,2027,1.896,1.6866,1.8,1.7088,1.7305,1.752,1.7732,1.7942,1.815,1.8357,1.8562,1.8763,1.7942,0.1256,0.2094,IMF,OECD
CHE,2026,1.342,1.1263,1.1099,1.1184,1.1328,1.1504,1.1705,1.1927,1.2169,1.2433,1.272,1.3041,1.1927,0.1392,0.2321,IMF,EC
CHE,2027,1.344,1.5155,1.3023,1.314,1.3296,1.3473,1.3666,1.3873,1.4093,1.4326,1.4576,1.4847,1.3873,0.128,0.2133,OECD,EC
CZE,2026,2.234,1.8544,1.7973,1.8172,1.8465,1.8812,1.9198,1.9619,2.0072,2.0559,2.1085,2.1666,1.9619,0.262,0.4367,IMF,EC
CZE,2027,2.215,2.1061,2.4296,2.1306,2.1583,2.1877,2.2184,2.2502,2.2831,2.3171,2.3524,2.3894,2.2502,0.1941,0.3235,EC,OECD
DEU,2026,0.791,0.656,0.577,0.5943,0.6132,0.633,0.6536,0.6747,0.6964,0.7186,0.7416,0.7655,0.6747,0.1284,0.214,IMF,EC
DEU,2027,1.183,1.1198,0.8858,0.9281,0.9654,0.9999,1.0323,1.0629,1.0917,1.1188,1.1437,1.1659,1.0629,0.1783,0.2972,IMF,EC
DNK,2026,2.0,2.5482,1.9104,1.9404,1.9838,2.0348,2.0914,2.1529,2.219,2.2899,2.3665,2.4506,2.1529,0.3827,0.6378,OECD,EC
DNK,2027,1.55,1.4858,1.7531,1.5023,1.5228,1.5457,1.5703,1.5963,1.6237,1.6526,1.6832,1.7161,1.5963,0.1604,0.2673,EC,OECD
ESP,2026,2.09,2.1917,2.3962,2.113,2.1391,2.1668,2.1959,2.226,2.2571,2.2893,2.3228,2.358,2.226,0.1837,0.3062,EC,IMF
ESP,2027,1.819,1.6699,1.9497,1.6992,1.728,1.7565,1.7848,1.8129,1.8408,1.8684,1.8959,1.9231,1.8129,0.1679,0.2798,EC,OECD
EST,2026,1.429,1.8184,1.6,1.4644,1.5013,1.5389,1.5771,1.6158,1.655,1.6947,1.7349,1.776,1.6158,0.2336,0.3894,OECD,IMF
EST,2027,1.933,2.717,1.7498,1.8023,1.8723,1.9522,2.0396,2.1333,2.233,2.3391,2.4526,2.576,2.1333,0.5803,0.9672,OECD,EC
FIN,2026,1.047,0.832,0.8267,0.8333,0.846,0.8622,0.8809,0.9019,0.925,0.9503,0.9782,1.0095,0.9019,0.1322,0.2203,IMF,EC
FIN,2027,1.506,1.192,1.3703,1.2265,1.2598,1.2924,1.3245,1.3561,1.3873,1.418,1.4482,1.4777,1.3561,0.1884,0.314,IMF,OECD
FRA,2026,0.858,0.6518,0.7858,0.677,0.7003,0.7227,0.7443,0.7652,0.7855,0.8052,0.8241,0.8419,0.7652,0.1237,0.2062,IMF,OECD
FRA,2027,0.876,0.8153,1.1288,0.8325,0.8553,0.8813,0.9096,0.94,0.9723,1.0067,1.0434,1.0833,0.94,0.1881,0.3135,EC,OECD
GBR,2026,0.797,0.8565,0.7493,0.7592,0.7694,0.7797,0.7903,0.8009,0.8117,0.8226,0.8337,0.8449,0.8009,0.0643,0.1072,OECD,EC
GBR,2027,1.297,1.0587,1.1658,1.0807,1.1035,1.1267,1.1501,1.1738,1.1978,1.222,1.2465,1.2714,1.1738,0.143,0.2383,IMF,OECD
GRC,2026,1.802,1.8763,1.7876,1.792,1.7983,1.8055,1.8134,1.822,1.8311,1.841,1.8515,1.863,1.822,0.0533,0.0887,OECD,EC
GRC,2027,1.66,2.0417,1.5951,1.6164,1.647,1.6828,1.7225,1.7656,1.8119,1.8615,1.915,1.9737,1.7656,0.268,0.4467,OECD,EC
HRV,2026,2.638,2.6498,2.6983,2.6413,2.6457,2.6507,2.6562,2.662,2.6683,2.6749,2.6819,2.6896,2.662,0.0362,0.0603,EC,IMF
HRV,2027,2.638,2.3572,2.4523,2.3786,2.4027,2.4282,2.4549,2.4825,2.511,2.5405,2.5711,2.6032,2.4825,0.1685,0.2808,IMF,OECD
HUN,2026,1.662,1.5538,1.8037,1.5763,1.5998,1.6239,1.6483,1.6732,1.6983,1.7238,1.7498,1.7763,1.6732,0.15,0.2499,EC,OECD
HUN,2027,2.05,1.973,2.0992,1.9877,2.0016,2.015,2.028,2.0408,2.0532,2.0654,2.0773,2.0887,2.0408,0.0757,0.1262,EC,OECD
IRL,2026,2.516,-1.0355,-1.2206,-1.0951,-0.871,-0.5912,-0.2701,0.0866,0.4773,0.9034,1.371,1.8942,0.0866,2.242,3.7366,IMF,EC
IRL,2027,2.351,2.9496,3.4241,2.4675,2.5803,2.6911,2.8003,2.9082,3.0149,3.1203,3.2241,3.3259,2.9082,0.6439,1.0731,EC,IMF
ISL,2026,1.902,1.5929,1.714,1.6189,1.6468,1.6759,1.7057,1.7363,1.7676,1.7995,1.8323,1.8662,1.7363,0.1854,0.3091,IMF,OECD
ISL,2027,2.101,2.2035,2.3828,2.1235,2.1483,2.1743,2.2013,2.2291,2.2577,2.2871,2.3174,2.349,2.2291,0.1691,0.2818,EC,IMF
ITA,2026,0.521,0.5302,0.5455,0.523,0.5252,0.5275,0.5298,0.5322,0.5347,0.5373,0.5399,0.5426,0.5322,0.0147,0.0245,EC,IMF
ITA,2027,0.5,0.5689,0.5965,0.5127,0.5242,0.535,0.5453,0.5551,0.5645,0.5736,0.582,0.5899,0.5551,0.0579,0.0965,EC,IMF
JPN,2026,0.719,0.61,0.641,0.6174,0.6262,0.6358,0.646,0.6567,0.6678,0.6794,0.6916,0.7046,0.6567,0.0654,0.109,IMF,OECD
JPN,2027,0.623,0.7534,0.588,0.5975,0.6098,0.6237,0.6387,0.6548,0.6718,0.6898,0.709,0.7298,0.6548,0.0993,0.1654,OECD,EC
KOR,2026,1.862,2.6304,2.3,1.9468,2.0284,2.1082,2.1868,2.2641,2.3404,2.4156,2.4894,2.5615,2.2641,0.4611,0.7684,OECD,IMF
KOR,2027,2.124,1.9419,1.9,1.9121,1.9282,1.9467,1.967,1.9886,2.0118,2.0363,2.0626,2.0913,1.9886,0.1344,0.224,IMF,EC
LTU,2026,2.912,2.8404,2.9529,2.8539,2.8665,2.8786,2.8904,2.9018,2.9129,2.9237,2.9341,2.9439,2.9018,0.0675,0.1125,EC,OECD
LTU,2027,2.228,1.9606,2.0586,1.9821,2.0056,2.0304,2.056,2.0824,2.1095,2.1373,2.1661,2.196,2.0824,0.1604,0.2674,IMF,OECD
LUX,2026,1.592,0.7306,1.6301,0.8812,1.0078,1.1207,1.2235,1.3176,1.4034,1.4805,1.5475,1.6008,1.3176,0.5397,0.8995,EC,OECD
LUX,2027,1.66,1.2784,2.0236,1.3543,1.4296,1.5046,1.5794,1.654,1.7284,1.8027,1.8767,1.9504,1.654,0.4471,0.7452,EC,OECD
LVA,2026,2.218,1.8863,1.4459,1.5311,1.6132,1.6934,1.7723,1.8501,1.9267,2.0022,2.0764,2.1488,1.8501,0.4633,0.7721,IMF,EC
LVA,2027,2.373,2.2393,1.5532,1.6759,1.7824,1.8798,1.9704,2.0552,2.1344,2.2077,2.2743,2.3317,2.0552,0.4919,0.8198,IMF,EC
MEX,2026,1.639,0.8063,1.0,0.8567,0.9202,0.9911,1.0674,1.1484,1.2339,1.3242,1.4199,1.5229,1.1484,0.4996,0.8327,IMF,OECD
MEX,2027,2.186,1.7944,1.5,1.5614,1.6257,1.6916,1.7587,1.8268,1.8959,1.966,2.0373,2.1102,1.8268,0.4116,0.686,IMF,EC
NLD,2026,1.233,0.9783,0.9647,0.9738,0.9899,1.01,1.0331,1.0587,1.0867,1.1173,1.1509,1.1884,1.0587,0.161,0.2683,IMF,EC
NLD,2027,1.422,1.4389,1.1193,1.1723,1.217,1.2569,1.2933,1.3267,1.3573,1.3848,1.4088,1.428,1.3267,0.1918,0.3196,OECD,EC
NOR,2026,1.475,1.3086,1.3631,1.321,1.3351,1.3501,1.3659,1.3822,1.3992,1.4167,1.4349,1.4541,1.3822,0.0998,0.1664,IMF,OECD
NOR,2027,1.33,1.1694,1.0468,1.0724,1.099,1.1262,1.154,1.1821,1.2106,1.2395,1.2689,1.2989,1.1821,0.1699,0.2832,IMF,EC
NZL,2026,2.131,1.4079,2.0,1.5142,1.607,1.6921,1.7717,1.8463,1.9163,1.9814,2.0408,2.0927,1.8463,0.4339,0.7231,IMF,OECD
NZL,2027,2.383,2.2313,2.4,2.2581,2.281,2.3016,2.3206,2.3381,2.3543,2.3691,2.3822,2.3931,2.3381,0.1012,0.1687,EC,OECD
POL,2026,3.324,3.041,3.4697,3.094,3.1429,3.1897,3.2347,3.2782,3.3204,3.3611,3.4002,3.4369,3.2782,0.2572,0.4287,EC,OECD
POL,2027,2.38,2.6221,2.7563,2.4256,2.468,2.5086,2.5479,2.5861,2.6232,2.6591,2.6938,2.7266,2.5861,0.2258,0.3763,EC,IMF
PRT,2026,1.93,1.7596,1.6931,1.7091,1.7282,1.749,1.7711,1.7942,1.8184,1.8438,1.8703,1.8987,1.7942,0.1422,0.2369,IMF,EC
PRT,2027,1.8,1.7471,1.8181,1.7568,1.7654,1.7735,1.7811,1.7884,1.7953,1.8019,1.808,1.8136,1.7884,0.0426,0.071,EC,OECD
ROU,2026,0.694,-0.1315,0.1477,-0.0687,0.002,0.0771,0.1555,0.2367,0.3206,0.4073,0.4973,0.5918,0.2367,0.4953,0.8255,IMF,OECD
ROU,2027,2.452,2.5281,2.3487,2.3687,2.3878,2.4065,2.4249,2.443,2.4608,2.4783,2.4955,2.5122,2.443,0.1076,0.1794,OECD,EC
SVK,2026,0.601,0.7077,0.8077,0.6222,0.6431,0.664,0.6848,0.7055,0.7261,0.7467,0.7671,0.7875,0.7055,0.124,0.2067,EC,IMF
SVK,2027,1.649,1.5785,1.5203,1.5323,1.5446,1.5571,1.5698,1.5826,1.5955,1.6086,1.6218,1.6352,1.5826,0.0772,0.1287,IMF,EC
SVN,2026,2.0,1.9291,1.94,1.9325,1.9375,1.9432,1.9495,1.9564,1.9637,1.9715,1.98,1.9893,1.9564,0.0426,0.0709,IMF,OECD
SVN,2027,2.1,2.2344,2.27,2.1243,2.1457,2.1654,2.184,2.2015,2.218,2.2334,2.2477,2.2603,2.2015,0.102,0.17,EC,IMF
SWE,2026,1.963,1.899,1.7604,1.7861,1.8097,1.8321,1.8535,1.8741,1.894,1.9131,1.9313,1.9482,1.8741,0.1216,0.2026,IMF,EC
SWE,2027,1.906,2.5437,2.1702,1.9617,2.0206,2.0814,2.1434,2.2067,2.271,2.3365,2.4033,2.4719,2.2067,0.3826,0.6377,OECD,IMF
TUR,2026,3.366,3.0689,2.9716,2.9963,3.0269,3.0608,3.0971,3.1355,3.176,3.2185,3.2635,3.3118,3.1355,0.2366,0.3944,IMF,EC
TUR,2027,3.472,3.8009,4.0051,3.5345,3.5933,3.6501,3.7054,3.7593,3.812,3.8634,3.9132,3.961,3.7593,0.3199,0.5331,EC,IMF
USA,2026,2.324,1.9501,2.1745,1.993,2.0337,2.0732,2.1118,2.1495,2.1865,2.2228,2.2581,2.2921,2.1495,0.2244,0.3739,IMF,OECD
USA,2027,2.1,1.799,2.0546,1.8446,1.884,1.92,1.9534,1.9845,2.0136,2.0404,2.0646,2.0854,1.9845,0.1806,0.301,IMF,OECD
