STRUCTURE,STRUCTURE_ID,STRUCTURE_NAME,ACTION,REF_AREA,Reference area,MEASURE,Measure,FREQ,Frequency of observation,TIME_PERIOD,Time period,OBS_VALUE,Observation value,OBS_STATUS,Observation status,UNIT_MEASURE,Unit of measure,UNIT_MULT,Unit multiplier,CURRENCY,Currency,BASE_PER,Base period,METHODOLOGY,Methodology,DECIMALS,Decimals,PRICE_BASE,Price base,ADJUSTMENT,Adjustment
DATAFLOW,OECD.ECO.MAD:DSD_EO@DF_EO(1.5),Economic Outlook 119,I,USA,United States,GDPV_ANNPCT,"Gross domestic product, volume, growth",A,Annual,2023,,2.93436092305279,,,,PA,Percent per annum,0,Units,,,2017,,,,2,Two,,,,
DATAFLOW,OECD.ECO.MAD:DSD_EO@DF_EO(1.5),Economic Outlook 119,I,USA,United States,GDPV_ANNPCT,"Gross domestic product, volume, growth",A,Annual,2024,,2.793187184646,,,,PA,Percent per annum,0,Units,,,2017,,,,2,Two,,,,
DATAFLOW,OECD.ECO.MAD:DSD_EO@DF_EO(1.5),Economic Outlook 119,I,USA,United States,GDPV_ANNPCT,"Gross domestic product, volume, growth",A,Annual,2025,,2.10633762606889,,,,PA,Percent per annum,0,Units,,,2017,,,,2,Two,,,,
DATAFLOW,OECD.ECO.MAD:DSD_EO@DF_EO(1.5),Economic Outlook 119,I,USA,United States,GDPV_ANNPCT,"Gross domestic product, volume, growth",A,Annual,2026,,1.95006403656728,,,,PA,Percent per annum,0,Units,,,2017,,,,2,Two,,,,
DATAFLOW,OECD.ECO.MAD:DSD_EO@DF_EO(1.5),Economic Outlook 119,I,USA,United States,GDPV_ANNPCT,"Gross domestic product, volume, growth",A,Annual,2027,,1.79896206247722,,,,PA,Percent per annum,0,Units,,,2017,,,,2,Two,,,,
DATAFLOW,OECD.ECO.MAD:DSD_EO@DF_EO(1.5),Economic Outlook 119,I,GBR,United Kingdom,GDPV_ANNPCT,"Gross domestic product, volume, growth",A,Annual,2023,,0.271650026159435,,,,PA,Percent per annum,0,Units,,,2023,,,,2,Two,,,,
DATAFLOW,OECD.ECO.MAD:DSD_EO@DF_EO(1.5),Economic Outlook 119,I,GBR,United Kingdom,GDPV_ANNPCT,"Gross domestic product, volume, growth",A,Annual,2024,,1.0395819435179,,,,PA,Percent per annum,0,Units,,,2023,,,,2,Two,,,,
DATAFLOW,OECD.ECO.MAD:DSD_EO@DF_EO(1.5),Economic Outlook 119,I,GBR,United Kingdom,GDPV_ANNPCT,"Gross domestic product, volume, growth",A,Annual,2025,,1.38270805800541,,,,PA,Percent per annum,0,Units,,,2023,,,,2,Two,,,,
DATAFLOW,OECD.ECO.MAD:DSD_EO@DF_EO(1.5),Economic Outlook 119,I,GBR,United Kingdom,GDPV_ANNPCT,"Gross domestic product, volume, growth",A,Annual,2026,,0.856495452084175,,,,PA,Percent per annum,0,Units,,,2023,,,,2,Two,,,,
DATAFLOW,OECD.ECO.MAD:DSD_EO@DF_EO(1.5),Economic Outlook 119,I,GBR,United Kingdom,GDPV_ANNPCT,"Gross domestic product, volume, growth",A,Annual,2027,,1.05867630943136,,,,PA,Percent per annum,0,Units,,,2023,,,,2,Two,,,,
DATAFLOW,OECD.ECO.MAD:DSD_EO@DF_EO(1.5),Economic Outlook 119,I,OECD,OECD,GDPV_ANNPCT,"Gross domestic product, volume, growth",A,Annual,2023,,1.75722353930983,,,,PA,Percent per annum,0,Units,,,2021,,,,2,Two,,,,
DATAFLOW,OECD.ECO.MAD:DSD_EO@DF_EO(1.5),Economic Outlook 119,I,OECD,OECD,GDPV_ANNPCT,"Gross domestic product, volume, growth",A,Annual,2024,,1.75338162601241,,,,PA,Percent per annum,0,Units,,,2021,,,,2,Two,,,,
DATAFLOW,OECD.ECO.MAD:DSD_EO@DF_EO(1.5),Economic Outlook 119,I,OECD,OECD,GDPV_ANNPCT,"Gross domestic product, volume, growth",A,Annual,2025,,1.79829027180338,,,,PA,Percent per annum,0,Units,,,2021,,,,2,Two,,,,
DATAFLOW,OECD.ECO.MAD:DSD_EO@DF_EO(1.5),Economic Outlook 119,I,OECD,OECD,GDPV_ANNPCT,"Gross domestic product, volume, growth",A,Annual,2026,,1.54418983201363,,,,PA,Percent per annum,0,Units,,,2021,,,,2,Two,,,,
DATAFLOW,OECD.ECO.MAD:DSD_EO@DF_EO(1.5),Economic Outlook 119,I,OECD,OECD,GDPV_ANNPCT,"Gross domestic product, volume, growth",A,Annual,2027,,1.67717849272553,,,,PA,Percent per annum,0,Units,,,2021,,,,2,Two,,,,
DATAFLOW,OECD.ECO.MAD:DSD_EO@DF_EO(1.5),Economic Outlook 119,I,EA17,Euro area (17 countries),GDPV_ANNPCT,"Gross domestic product, volume, growth",A,Annual,2023,,0.48331486810234,,,,PA,Percent per annum,0,Units,,,2021,,,,2,Two,,,,
DATAFLOW,OECD.ECO.MAD:DSD_EO@DF_EO(1.5),Economic Outlook 119,I,EA17,Euro area (17 countries),GDPV_ANNPCT,"Gross domestic product, volume, growth",A,Annual,2024,,0.863536765616161,,,,PA,Percent per annum,0,Units,,,2021,,,,2,Two,,,,
DATAFLOW,OECD.ECO.MAD:DSD_EO@DF_EO(1.5),Economic Outlook 119,I,EA17,Euro area (17 countries),GDPV_ANNPCT,"Gross domestic product, volume, growth",A,Annual,2025,,1.42319447528483,,,,PA,Percent per annum,0,Units,,,2021,,,,2,Two,,,,
DATAFLOW,OECD.ECO.MAD:DSD_EO@DF_EO(1.5),Economic Outlook 119,I,EA17,Euro area (17 countries),GDPV_ANNPCT,"Gross domestic product, volume, growth",A,Annual,2026,,0.830797572147262,,,,PA,Percent per annum,0,Units,,,2021,,,,2,Two,,,,
DATAFLOW,OECD.ECO.MAD:DSD_EO@DF_EO(1.5),Economic Outlook 119,I,EA17,Euro area (17 countries),GDPV_ANNPCT,"Gross domestic product, volume, growth",A,Annual,2027,,1.19168800578981,,,,PA,Percent per annum,0,Units,,,2021,,,,2,Two,,,,
DATAFLOW,OECD.ECO.MAD:DSD_EO@DF_EO(1.5),Economic Outlook 119,I,TUR,Türkiye,GDPV_ANNPCT,"Gross domestic product, volume, growth",A,Annual,2023,,5.04512369372175,,,,PA,Percent per annum,0,Units,,,2009,,,,2,Two,,,,
DATAFLOW,OECD.ECO.MAD:DSD_EO@DF_EO(1.5),Economic Outlook 119,I,TUR,Türkiye,GDPV_ANNPCT,"Gross domestic product, volume, growth",A,Annual,2024,,3.32762310655848,,,,PA,Percent per annum,0,Units,,,2009,,,,2,Two,,,,
DATAFLOW,OECD.ECO.MAD:DSD_EO@DF_EO(1.5),Economic Outlook 119,I,TUR,Türkiye,GDPV_ANNPCT,"Gross domestic product, volume, growth",A,Annual,2025,,3.60462514838056,,,,PA,Percent per annum,0,Units,,,2009,,,,2,Two,,,,
DATAFLOW,OECD.ECO.MAD:DSD_EO@DF_EO(1.5),Economic Outlook 119,I,TUR,Türkiye,GDPV_ANNPCT,"Gross domestic product, volume, growth",A,Annual,2026,,3.0689337023161,,,,PA,Percent per annum,0,Units,,,2009,,,,2,Two,,,,
DATAFLOW,OECD.ECO.MAD:DSD_EO@DF_EO(1.5),Economic Outlook 119,I,TUR,Türkiye,GDPV_ANNPCT,"Gross domestic product, volume, growth",A,Annual,2027,,3.80086529933926,,,,PA,Percent per annum,0,Units,,,2009,,,,2,Two,,,,
DATAFLOW,OECD.ECO.MAD:DSD_EO@DF_EO(1.5),Economic Outlook 119,I,BGR,Bulgaria,GDPV_ANNPCT,"Gross domestic product, volume, growth",A,Annual,2023,,1.68151075832925,,,,PA,Percent per annum,0,Units,,,2020,,,,2,Two,,,,
DATAFLOW,OECD.ECO.MAD:DSD_EO@DF_EO(1.5),Economic Outlook 119,I,BGR,Bulgaria,GDPV_ANNPCT,"Gross domestic product, volume, growth",A,Annual,2024,,3.38708962009333,,,,PA,Percent per annum,0,Units,,,2020,,,,2,Two,,,,
DATAFLOW,OECD.ECO.MAD:DSD_EO@DF_EO(1.5),Economic Outlook 119,I,BRA,Brazil,GDPV_ANNPCT,"Gross domestic product, volume, growth",A,Annual,2023,,3.24165533138648,,,,PA,Percent per annum,0,Units,,,2000,,,,2,Two,,,,
DATAFLOW,OECD.ECO.MAD:DSD_EO@DF_EO(1.5),Economic Outlook 119,I,BRA,Brazil,GDPV_ANNPCT,"Gross domestic product, volume, growth",A,Annual,2024,,3.41931516884604,,,,PA,Percent per annum,0,Units,,,2000,,,,2,Two,,,,
DATAFLOW,OECD.ECO.MAD:DSD_EO@DF_EO(1.5),Economic Outlook 119,I,BRA,Brazil,GDPV_ANNPCT,"Gross domestic product, volume, growth",A,Annual,2025,,2.28574648598021,,,,PA,Percent per annum,0,Units,,,2000,,,,2,Two,,,,
DATAFLOW,OECD.ECO.MAD:DSD_EO@DF_EO(1.5),Economic Outlook 119,I,BRA,Brazil,GDPV_ANNPCT,"Gross domestic product, volume, growth",A,Annual,2026,,1.55498296843183,,,,PA,Percent per annum,0,Units,,,2000,,,,2,Two,,,,
DATAFLOW,OECD.ECO.MAD:DSD_EO@DF_EO(1.5),Economic Outlook 119,I,BRA,Brazil,GDPV_ANNPCT,"Gross domestic product, volume, growth",A,Annual,2027,,2.06158849243855,,,,PA,Percent per annum,0,Units,,,2000,,,,2,Two,,,,
DATAFLOW,OECD.ECO.MAD:DSD_EO@DF_EO(1.5),Economic Outlook 119,I,ARG,Argentina,GDPV_ANNPCT,"Gross domestic product, volume, growth",A,Annual,2023,,-1.85578803039995,,,,PA,Percent per annum,0,Units,,,2004,,,,2,Two,,,,
DATAFLOW,OECD.ECO.MAD:DSD_EO@DF_EO(1.5),Economic Outlook 119,I,ARG,Argentina,GDPV_ANNPCT,"Gross domestic product, volume, growth",A,Annual,2024,,-1.34293072501362,,,,PA,Percent per annum,0,Units,,,2004,,,,2,Two,,,,
DATAFLOW,OECD.ECO.MAD:DSD_EO@DF_EO(1.5),Economic Outlook 119,I,ARG,Argentina,GDPV_ANNPCT,"Gross domestic product, volume, growth",A,Annual,2025,,4.36733331629193,,,,PA,Percent per annum,0,Units,,,2004,,,,2,Two,,,,
DATAFLOW,OECD.ECO.MAD:DSD_EO@DF_EO(1.5),Economic Outlook 119,I,ARG,Argentina,GDPV_ANNPCT,"Gross domestic product, volume, growth",A,Annual,2026,,2.757614344191,,,,PA,Percent per annum,0,Units,,,2004,,,,2,Two,,,,
DATAFLOW,OECD.ECO.MAD:DSD_EO@DF_EO(1.5),Economic Outlook 119,I,ARG,Argentina,GDPV_ANNPCT,"Gross domestic product, volume, growth",A,Annual,2027,,3.46335249856169,,,,PA,Percent per annum,0,Units,,,2004,,,,2,Two,,,,
DATAFLOW,OECD.ECO.MAD:DSD_EO@DF_EO(1.5),Economic Outlook 119,I,WXOECD,Non-OECD economies,GDPV_ANNPCT,"Gross domestic product, volume, growth",A,Annual,2023,,4.7464338931953,,,,PA,Percent per annum,0,Units,,,2021,,,,2,Two,,,,
DATAFLOW,OECD.ECO.MAD:DSD_EO@DF_EO(1.5),Economic Outlook 119,I,WXOECD,Non-OECD economies,GDPV_ANNPCT,"Gross domestic product, volume, growth",A,Annual,2024,,4.49904641969668,,,,PA,Percent per annum,0,Units,,,2021,,,,2,Two,,,,
DATAFLOW,OECD.ECO.MAD:DSD_EO@DF_EO(1.5),Economic Outlook 119,I,WXOECD,Non-OECD economies,GDPV_ANNPCT,"Gross domestic product, volume, growth",A,Annual,2025,,4.43117663851899,,,,PA,Percent per annum,0,Units,,,2021,,,,2,Two,,,,
DATAFLOW,OECD.ECO.MAD:DSD_EO@DF_EO(1.5),Economic Outlook 119,I,WXOECD,Non-OECD economies,GDPV_ANNPCT,"Gross domestic product, volume, growth",A,Annual,2026,,3.88855445892507,,,,PA,Percent per annum,0,Units,,,2021,,,,2,Two,,,,
DATAFLOW,OECD.ECO.MAD:DSD_EO@DF_EO(1.5),Economic Outlook 119,I,WXOECD,Non-OECD economies,GDPV_ANNPCT,"Gross domestic product, volume, growth",A,Annual,2027,,4.02984205553012,,,,PA,Percent per annum,0,Units,,,2021,,,,2,Two,,,,
DATAFLOW,OECD.ECO.MAD:DSD_EO@DF_EO(1.5),Economic Outlook 119,I,RUS,Russia,GDPV_ANNPCT,"Gross domestic product, volume, growth",A,Annual,2023,,4.06661384334937,,,,PA,Percent per annum,0,Units,,,2021,,,,2,Two,,,,
DATAFLOW,OECD.ECO.MAD:DSD_EO@DF_EO(1.5),Economic Outlook 119,I,RUS,Russia,GDPV_ANNPCT,"Gross domestic product, volume, growth",A,Annual,2024,,4.92167967804924,,,,PA,Percent per annum,0,Units,,,2021,,,,2,Two,,,,
DATAFLOW,OECD.ECO.MAD:DSD_EO@DF_EO(1.5),Economic Outlook 119,I,RUS,Russia,GDPV_ANNPCT,"Gross domestic product, volume, growth",A,Annual,2025,,1.00117654621913,,,,PA,Percent per annum,0,Units,,,2021,,,,2,Two,,,,
DATAFLOW,OECD.ECO.MAD:DSD_EO@DF_EO(1.5),Economic Outlook 119,I,RUS,Russia,GDPV_ANNPCT,"Gross domestic product, volume, growth",A,Annual,2026,,0.544408251729308,,,,PA,Percent per annum,0,Units,,,2021,,,,2,Two,,,,
DATAFLOW,OECD.ECO.MAD:DSD_EO@DF_EO(1.5),Economic Outlook 119,I,RUS,Russia,GDPV_ANNPCT,"Gross domestic product, volume, growth",A,Annual,2027,,0.849396253270527,,,,PA,Percent per annum,0,Units,,,2021,,,,2,Two,,,,
DATAFLOW,OECD.ECO.MAD:DSD_EO@DF_EO(1.5),Economic Outlook 119,I,DAE,Dynamic Asian economies,GDPV_ANNPCT,"Gross domestic product, volume, growth",A,Annual,2023,,2.98035641930269,,,,PA,Percent per annum,0,Units,,,2021,,,,2,Two,,,,
DATAFLOW,OECD.ECO.MAD:DSD_EO@DF_EO(1.5),Economic Outlook 119,I,DAE,Dynamic Asian economies,GDPV_ANNPCT,"Gross domestic product, volume, growth",A,Annual,2024,,5.26015951001568,,,,PA,Percent per annum,0,Units,,,2021,,,,2,Two,,,,
DATAFLOW,OECD.ECO.MAD:DSD_EO@DF_EO(1.5),Economic Outlook 119,I,DAE,Dynamic Asian economies,GDPV_ANNPCT,"Gross domestic product, volume, growth",A,Annual,2025,,6.20252181114959,,,,PA,Percent per annum,0,Units,,,2021,,,,2,Two,,,,
DATAFLOW,OECD.ECO.MAD:DSD_EO@DF_EO(1.5),Economic Outlook 119,I,DAE,Dynamic Asian economies,GDPV_ANNPCT,"Gross domestic product, volume, growth",A,Annual,2026,,4.73694961794394,,,,PA,Percent per annum,0,Units,,,2021,,,,2,Two,,,,
DATAFLOW,OECD.ECO.MAD:DSD_EO@DF_EO(1.5),Economic Outlook 119,I,DAE,Dynamic Asian economies,GDPV_ANNPCT,"Gross domestic product, volume, growth",A,Annual,2027,,3.6529495716555,,,,PA,Percent per annum,0,Units,,,2021,,,,2,Two,,,,
DATAFLOW,OECD.ECO.MAD:DSD_EO@DF_EO(1.5),Economic Outlook 119,I,OIL_SAU_O,Other oil producers,GDPV_ANNPCT,"Gross domestic product, volume, growth",A,Annual,2023,,2.56920008565621,,,,PA,Percent per annum,0,Units,,,2021,,,,2,Two,,,,
DATAFLOW,OECD.ECO.MAD:DSD_EO@DF_EO(1.5),Economic Outlook 119,I,OIL_SAU_O,Other oil producers,GDPV_ANNPCT,"Gross domestic product, volume, growth",A,Annual,2024,,2.6603425439431,,,,PA,Percent per annum,0,Units,,,2021,,,,2,Two,,,,
DATAFLOW,OECD.ECO.MAD:DSD_EO@DF_EO(1.5),Economic Outlook 119,I,OIL_SAU_O,Other oil producers,GDPV_ANNPCT,"Gross domestic product, volume, growth",A,Annual,2025,,3.00063434818406,,,,PA,Percent per annum,0,Units,,,2021,,,,2,Two,,,,
DATAFLOW,OECD.ECO.MAD:DSD_EO@DF_EO(1.5),Economic Outlook 119,I,OIL_SAU_O,Other oil producers,GDPV_ANNPCT,"Gross domestic product, volume, growth",A,Annual,2026,,2.91254881570676,,,,PA,Percent per annum,0,Units,,,2021,,,,2,Two,,,,
DATAFLOW,OECD.ECO.MAD:DSD_EO@DF_EO(1.5),Economic Outlook 119,I,OIL_SAU_O,Other oil producers,GDPV_ANNPCT,"Gross domestic product, volume, growth",A,Annual,2027,,2.98027587245437,,,,PA,Percent per annum,0,Units,,,2021,,,,2,Two,,,,
DATAFLOW,OECD.ECO.MAD:DSD_EO@DF_EO(1.5),Economic Outlook 119,I,W_O,Other countries,GDPV_ANNPCT,"Gross domestic product, volume, growth",A,Annual,2023,,3.49284208267092,,,,PA,Percent per annum,0,Units,,,2021,,,,2,Two,,,,
DATAFLOW,OECD.ECO.MAD:DSD_EO@DF_EO(1.5),Economic Outlook 119,I,W_O,Other countries,GDPV_ANNPCT,"Gross domestic product, volume, growth",A,Annual,2024,,3.43698730941468,,,,PA,Percent per annum,0,Units,,,2021,,,,2,Two,,,,
DATAFLOW,OECD.ECO.MAD:DSD_EO@DF_EO(1.5),Economic Outlook 119,I,W_O,Other countries,GDPV_ANNPCT,"Gross domestic product, volume, growth",A,Annual,2025,,2.76830529598865,,,,PA,Percent per annum,0,Units,,,2021,,,,2,Two,,,,
DATAFLOW,OECD.ECO.MAD:DSD_EO@DF_EO(1.5),Economic Outlook 119,I,W_O,Other countries,GDPV_ANNPCT,"Gross domestic product, volume, growth",A,Annual,2026,,2.50677466486881,,,,PA,Percent per annum,0,Units,,,2021,,,,2,Two,,,,
DATAFLOW,OECD.ECO.MAD:DSD_EO@DF_EO(1.5),Economic Outlook 119,I,W_O,Other countries,GDPV_ANNPCT,"Gross domestic product, volume, growth",A,Annual,2027,,2.71723444142688,,,,PA,Percent per annum,0,Units,,,2021,,,,2,Two,,,,
DATAFLOW,OECD.ECO.MAD:DSD_EO@DF_EO(1.5),Economic Outlook 119,I,W,World,GDPV_ANNPCT,"Gross domestic product, volume, growth",A,Annual,2023,,3.42892948732724,,,,PA,Percent per annum,0,Units,,,2021,,,,2,Two,,,,
DATAFLOW,OECD.ECO.MAD:DSD_EO@DF_EO(1.5),Economic Outlook 119,I,W,World,GDPV_ANNPCT,"Gross domestic product, volume, growth",A,Annual,2024,,3.2909938398024,,,,PA,Percent per annum,0,Units,,,2021,,,,2,Two,,,,
DATAFLOW,OECD.ECO.MAD:DSD_EO@DF_EO(1.5),Economic Outlook 119,I,W,World,GDPV_ANNPCT,"Gross domestic product, volume, growth",A,Annual,2025,,3.24626053928459,,,,PA,Percent per annum,0,Units,,,2021,,,,2,Two,,,,
DATAFLOW,OECD.ECO.MAD:DSD_EO@DF_EO(1.5),Economic Outlook 119,I,W,World,GDPV_ANNPCT,"Gross domestic product, volume, growth",A,Annual,2026,,2.9300166955268,,,,PA,Percent per annum,0,Units,,,2021,,,,2,Two,,,,
DATAFLOW,OECD.ECO.MAD:DSD_EO@DF_EO(1.5),Economic Outlook 119,I,W,World,GDPV_ANNPCT,"Gross domestic product, volume, growth",A,Annual,2027,,3.09207078343456,,,,PA,Percent per annum,0,Units,,,2021,,,,2,Two,,,,
DATAFLOW,OECD.ECO.MAD:DSD_EO@DF_EO(1.5),Economic Outlook 119,I,HRV,Croatia,GDPV_ANNPCT,"Gross domestic product, volume, growth",A,Annual,2023,,3.76164530955685,,,,PA,Percent per annum,0,Units,,,2021,,,,2,Two,,,,
DATAFLOW,OECD.ECO.MAD:DSD_EO@DF_EO(1.5),Economic Outlook 119,I,HRV,Croatia,GDPV_ANNPCT,"Gross domestic product, volume, growth",A,Annual,2024,,3.82688708976661,,,,PA,Percent per annum,0,Units,,,2021,,,,2,Two,,,,
DATAFLOW,OECD.ECO.MAD:DSD_EO@DF_EO(1.5),Economic Outlook 119,I,HRV,Croatia,GDPV_ANNPCT,"Gross domestic product, volume, growth",A,Annual,2025,,3.40260944230161,,,,PA,Percent per annum,0,Units,,,2021,,,,2,Two,,,,
DATAFLOW,OECD.ECO.MAD:DSD_EO@DF_EO(1.5),Economic Outlook 119,I,HRV,Croatia,GDPV_ANNPCT,"Gross domestic product, volume, growth",A,Annual,2026,,2.64977656913209,,,,PA,Percent per annum,0,Units,,,2021,,,,2,Two,,,,
DATAFLOW,OECD.ECO.MAD:DSD_EO@DF_EO(1.5),Economic Outlook 119,I,HRV,Croatia,GDPV_ANNPCT,"Gross domestic product, volume, growth",A,Annual,2027,,2.35721202215004,,,,PA,Percent per annum,0,Units,,,2021,,,,2,Two,,,,
DATAFLOW,OECD.ECO.MAD:DSD_EO@DF_EO(1.5),Economic Outlook 119,I,ZAF,South Africa,GDPV_ANNPCT,"Gross domestic product, volume, growth",A,Annual,2023,,0.806104552267882,,,,PA,Percent per annum,0,Units,,,2015,,,,2,Two,,,,
DATAFLOW,OECD.ECO.MAD:DSD_EO@DF_EO(1.5),Economic Outlook 119,I,ZAF,South Africa,GDPV_ANNPCT,"Gross domestic product, volume, growth",A,Annual,2024,,0.534843531352749,,,,PA,Percent per annum,0,Units,,,2015,,,,2,Two,,,,
DATAFLOW,OECD.ECO.MAD:DSD_EO@DF_EO(1.5),Economic Outlook 119,I,ZAF,South Africa,GDPV_ANNPCT,"Gross domestic product, volume, growth",A,Annual,2025,,1.11462608091124,,,,PA,Percent per annum,0,Units,,,2015,,,,2,Two,,,,
DATAFLOW,OECD.ECO.MAD:DSD_EO@DF_EO(1.5),Economic Outlook 119,I,ZAF,South Africa,GDPV_ANNPCT,"Gross domestic product, volume, growth",A,Annual,2026,,1.15227216473302,,,,PA,Percent per annum,0,Units,,,2015,,,,2,Two,,,,
DATAFLOW,OECD.ECO.MAD:DSD_EO@DF_EO(1.5),Economic Outlook 119,I,ZAF,South Africa,GDPV_ANNPCT,"Gross domestic product, volume, growth",A,Annual,2027,,1.56148334974985,,,,PA,Percent per annum,0,Units,,,2015,,,,2,Two,,,,
DATAFLOW,OECD.ECO.MAD:DSD_EO@DF_EO(1.5),Economic Outlook 119,I,BGR,Bulgaria,GDPV_ANNPCT,"Gross domestic product, volume, growth",A,Annual,2025,,3.09636502155377,,,,PA,Percent per annum,0,Units,,,2020,,,,2,Two,,,,
DATAFLOW,OECD.ECO.MAD:DSD_EO@DF_EO(1.5),Economic Outlook 119,I,BGR,Bulgaria,GDPV_ANNPCT,"Gross domestic product, volume, growth",A,Annual,2026,,2.54178943889049,,,,PA,Percent per annum,0,Units,,,2020,,,,2,Two,,,,
DATAFLOW,OECD.ECO.MAD:DSD_EO@DF_EO(1.5),Economic Outlook 119,I,BGR,Bulgaria,GDPV_ANNPCT,"Gross domestic product, volume, growth",A,Annual,2027,,2.28192819360778,,,,PA,Percent per annum,0,Units,,,2020,,,,2,Two,,,,
DATAFLOW,OECD.ECO.MAD:DSD_EO@DF_EO(1.5),Economic Outlook 119,I,CHN,China (People’s Republic of),GDPV_ANNPCT,"Gross domestic product, volume, growth",A,Annual,2023,,5.41600335000024,,,,PA,Percent per annum,0,Units,,,2015,,,,2,Two,,,,
DATAFLOW,OECD.ECO.MAD:DSD_EO@DF_EO(1.5),Economic Outlook 119,I,CHN,China (People’s Republic of),GDPV_ANNPCT,"Gross domestic product, volume, growth",A,Annual,2024,,5.0000000000005,,,,PA,Percent per annum,0,Units,,,2015,,,,2,Two,,,,
DATAFLOW,OECD.ECO.MAD:DSD_EO@DF_EO(1.5),Economic Outlook 119,I,CHN,China (People’s Republic of),GDPV_ANNPCT,"Gross domestic product, volume, growth",A,Annual,2025,,4.99999999999974,,,,PA,Percent per annum,0,Units,,,2015,,,,2,Two,,,,
DATAFLOW,OECD.ECO.MAD:DSD_EO@DF_EO(1.5),Economic Outlook 119,I,CHN,China (People’s Republic of),GDPV_ANNPCT,"Gross domestic product, volume, growth",A,Annual,2026,,4.5418385921769,,,,PA,Percent per annum,0,Units,,,2015,,,,2,Two,,,,
DATAFLOW,OECD.ECO.MAD:DSD_EO@DF_EO(1.5),Economic Outlook 119,I,CHN,China (People’s Republic of),GDPV_ANNPCT,"Gross domestic product, volume, growth",A,Annual,2027,,4.25411250874492,,,,PA,Percent per annum,0,Units,,,2015,,,,2,Two,,,,
DATAFLOW,OECD.ECO.MAD:DSD_EO@DF_EO(1.5),Economic Outlook 119,I,IDN,Indonesia,GDPV_ANNPCT,"Gross domestic product, volume, growth",A,Annual,2023,,5.04883117855516,,,,PA,Percent per annum,0,Units,,,2010,,,,2,Two,,,,
DATAFLOW,OECD.ECO.MAD:DSD_EO@DF_EO(1.5),Economic Outlook 119,I,IDN,Indonesia,GDPV_ANNPCT,"Gross domestic product, volume, growth",A,Annual,2024,,5.03257477088519,,,,PA,Percent per annum,0,Units,,,2010,,,,2,Two,,,,
DATAFLOW,OECD.ECO.MAD:DSD_EO@DF_EO(1.5),Economic Outlook 119,I,IDN,Indonesia,GDPV_ANNPCT,"Gross domestic product, volume, growth",A,Annual,2025,,5.10808904438025,,,,PA,Percent per annum,0,Units,,,2010,,,,2,Two,,,,
DATAFLOW,OECD.ECO.MAD:DSD_EO@DF_EO(1.5),Economic Outlook 119,I,IDN,Indonesia,GDPV_ANNPCT,"Gross domestic product, volume, growth",A,Annual,2026,,4.72157332529353,,,,PA,Percent per annum,0,Units,,,2010,,,,2,Two,,,,
DATAFLOW,OECD.ECO.MAD:DSD_EO@DF_EO(1.5),Economic Outlook 119,I,IDN,Indonesia,GDPV_ANNPCT,"Gross domestic product, volume, growth",A,Annual,2027,,4.98018209365037,,,,PA,Percent per annum,0,Units,,,2010,,,,2,Two,,,,
DATAFLOW,OECD.ECO.MAD:DSD_EO@DF_EO(1.5),Economic Outlook 119,I,PER,Peru,GDPV_ANNPCT,"Gross domestic product, volume, growth",A,Annual,2023,,-0.33857166578025,,,,PA,Percent per annum,0,Units,,,2007,,,,2,Two,,,,
DATAFLOW,OECD.ECO.MAD:DSD_EO@DF_EO(1.5),Economic Outlook 119,I,PER,Peru,GDPV_ANNPCT,"Gross domestic product, volume, growth",A,Annual,2024,,3.48572227105406,,,,PA,Percent per annum,0,Units,,,2007,,,,2,Two,,,,
DATAFLOW,OECD.ECO.MAD:DSD_EO@DF_EO(1.5),Economic Outlook 119,I,PER,Peru,GDPV_ANNPCT,"Gross domestic product, volume, growth",A,Annual,2025,,3.44396922446529,,,,PA,Percent per annum,0,Units,,,2007,,,,2,Two,,,,
DATAFLOW,OECD.ECO.MAD:DSD_EO@DF_EO(1.5),Economic Outlook 119,I,PER,Peru,GDPV_ANNPCT,"Gross domestic product, volume, growth",A,Annual,2026,,2.8962305313101,,,,PA,Percent per annum,0,Units,,,2007,,,,2,Two,,,,
DATAFLOW,OECD.ECO.MAD:DSD_EO@DF_EO(1.5),Economic Outlook 119,I,PER,Peru,GDPV_ANNPCT,"Gross domestic product, volume, growth",A,Annual,2027,,2.89879108224338,,,,PA,Percent per annum,0,Units,,,2007,,,,2,Two,,,,
DATAFLOW,OECD.ECO.MAD:DSD_EO@DF_EO(1.5),Economic Outlook 119,I,ROU,Romania,GDPV_ANNPCT,"Gross domestic product, volume, growth",A,Annual,2023,,2.25773867327064,,,,PA,Percent per annum,0,Units,,,2020,,,,2,Two,,,,
DATAFLOW,OECD.ECO.MAD:DSD_EO@DF_EO(1.5),Economic Outlook 119,I,ROU,Romania,GDPV_ANNPCT,"Gross domestic product, volume, growth",A,Annual,2024,,0.916002231424258,,,,PA,Percent per annum,0,Units,,,2020,,,,2,Two,,,,
DATAFLOW,OECD.ECO.MAD:DSD_EO@DF_EO(1.5),Economic Outlook 119,I,ROU,Romania,GDPV_ANNPCT,"Gross domestic product, volume, growth",A,Annual,2025,,0.677831582453948,,,,PA,Percent per annum,0,Units,,,2020,,,,2,Two,,,,
DATAFLOW,OECD.ECO.MAD:DSD_EO@DF_EO(1.5),Economic Outlook 119,I,ROU,Romania,GDPV_ANNPCT,"Gross domestic product, volume, growth",A,Annual,2026,,-0.131538132742492,,,,PA,Percent per annum,0,Units,,,2020,,,,2,Two,,,,
DATAFLOW,OECD.ECO.MAD:DSD_EO@DF_EO(1.5),Economic Outlook 119,I,ROU,Romania,GDPV_ANNPCT,"Gross domestic product, volume, growth",A,Annual,2027,,2.52814235543421,,,,PA,Percent per annum,0,Units,,,2020,,,,2,Two,,,,
DATAFLOW,OECD.ECO.MAD:DSD_EO@DF_EO(1.5),Economic Outlook 119,I,SAU,Saudi Arabia,GDPV_ANNPCT,"Gross domestic product, volume, growth",A,Annual,2023,,0.570512614211466,,,,PA,Percent per annum,0,Units,,,2023,,,,2,Two,,,,
DATAFLOW,OECD.ECO.MAD:DSD_EO@DF_EO(1.5),Economic Outlook 119,I,SAU,Saudi Arabia,GDPV_ANNPCT,"Gross domestic product, volume, growth",A,Annual,2024,,2.59535634835338,,,,PA,Percent per annum,0,Units,,,2023,,,,2,Two,,,,
DATAFLOW,OECD.ECO.MAD:DSD_EO@DF_EO(1.5),Economic Outlook 119,I,SAU,Saudi Arabia,GDPV_ANNPCT,"Gross domestic product, volume, growth",A,Annual,2025,,4.49578115506341,,,,PA,Percent per annum,0,Units,,,2023,,,,2,Two,,,,
DATAFLOW,OECD.ECO.MAD:DSD_EO@DF_EO(1.5),Economic Outlook 119,I,SAU,Saudi Arabia,GDPV_ANNPCT,"Gross domestic product, volume, growth",A,Annual,2026,,3.18496822325935,,,,PA,Percent per annum,0,Units,,,2023,,,,2,Two,,,,
DATAFLOW,OECD.ECO.MAD:DSD_EO@DF_EO(1.5),Economic Outlook 119,I,SAU,Saudi Arabia,GDPV_ANNPCT,"Gross domestic product, volume, growth",A,Annual,2027,,4.33448392025865,,,,PA,Percent per annum,0,Units,,,2023,,,,2,Two,,,,
DATAFLOW,OECD.ECO.MAD:DSD_EO@DF_EO(1.5),Economic Outlook 119,I,THA,Thailand,GDPV_ANNPCT,"Gross domestic product, volume, growth",A,Annual,2023,,2.24104622369923,,,,PA,Percent per annum,0,Units,,,2002,,,,2,Two,,,,
DATAFLOW,OECD.ECO.MAD:DSD_EO@DF_EO(1.5),Economic Outlook 119,I,THA,Thailand,GDPV_ANNPCT,"Gross domestic product, volume, growth",A,Annual,2024,,2.94331064639695,,,,PA,Percent per annum,0,Units,,,2002,,,,2,Two,,,,
DATAFLOW,OECD.ECO.MAD:DSD_EO@DF_EO(1.5),Economic Outlook 119,I,THA,Thailand,GDPV_ANNPCT,"Gross domestic product, volume, growth",A,Annual,2025,,2.40811081285027,,,,PA,Percent per annum,0,Units,,,2002,,,,2,Two,,,,
DATAFLOW,OECD.ECO.MAD:DSD_EO@DF_EO(1.5),Economic Outlook 119,I,THA,Thailand,GDPV_ANNPCT,"Gross domestic product, volume, growth",A,Annual,2026,,1.70933204949051,,,,PA,Percent per annum,0,Units,,,2002,,,,2,Two,,,,
DATAFLOW,OECD.ECO.MAD:DSD_EO@DF_EO(1.5),Economic Outlook 119,I,THA,Thailand,GDPV_ANNPCT,"Gross domestic product, volume, growth",A,Annual,2027,,2.11554020022776,,,,PA,Percent per annum,0,Units,,,2002,,,,2,Two,,,,
DATAFLOW,OECD.ECO.MAD:DSD_EO@DF_EO(1.5),Economic Outlook 119,I,IND,India,GDPV_ANNPCT,"Gross domestic product, volume, growth",A,Annual,2023,,7.21022462933227,,,,PA,Percent per annum,0,Units,,,2022,,,,2,Two,,,,
DATAFLOW,OECD.ECO.MAD:DSD_EO@DF_EO(1.5),Economic Outlook 119,I,IND,India,GDPV_ANNPCT,"Gross domestic product, volume, growth",A,Annual,2024,,7.09927893177063,,,,PA,Percent per annum,0,Units,,,2022,,,,2,Two,,,,
DATAFLOW,OECD.ECO.MAD:DSD_EO@DF_EO(1.5),Economic Outlook 119,I,IND,India,GDPV_ANNPCT,"Gross domestic product, volume, growth",A,Annual,2025,,7.61112486006871,,,,PA,Percent per annum,0,Units,,,2022,,,,2,Two,,,,
DATAFLOW,OECD.ECO.MAD:DSD_EO@DF_EO(1.5),Economic Outlook 119,I,IND,India,GDPV_ANNPCT,"Gross domestic product, volume, growth",A,Annual,2026,,6.26697865687736,,,,PA,Percent per annum,0,Units,,,2022,,,,2,Two,,,,
DATAFLOW,OECD.ECO.MAD:DSD_EO@DF_EO(1.5),Economic Outlook 119,I,IND,India,GDPV_ANNPCT,"Gross domestic product, volume, growth",A,Annual,2027,,6.40306171974522,,,,PA,Percent per annum,0,Units,,,2022,,,,2,Two,,,,
DATAFLOW,OECD.ECO.MAD:DSD_EO@DF_EO(1.5),Economic Outlook 119,I,HUN,Hungary,GDPV_ANNPCT,"Gross domestic product, volume, growth",A,Annual,2023,,-0.817107370784058,,,,PA,Percent per annum,0,Units,,,2021,,,,2,Two,,,,
DATAFLOW,OECD.ECO.MAD:DSD_EO@DF_EO(1.5),Economic Outlook 119,I,HUN,Hungary,GDPV_ANNPCT,"Gross domestic product, volume, growth",A,Annual,2024,,0.709070599331213,,,,PA,Percent per annum,0,Units,,,2021,,,,2,Two,,,,
DATAFLOW,OECD.ECO.MAD:DSD_EO@DF_EO(1.5),Economic Outlook 119,I,HUN,Hungary,GDPV_ANNPCT,"Gross domestic product, volume, growth",A,Annual,2025,,0.509542309646136,,,,PA,Percent per annum,0,Units,,,2021,,,,2,Two,,,,
DATAFLOW,OECD.ECO.MAD:DSD_EO@DF_EO(1.5),Economic Outlook 119,I,HUN,Hungary,GDPV_ANNPCT,"Gross domestic product, volume, growth",A,Annual,2026,,1.55378738159007,,,,PA,Percent per annum,0,Units,,,2021,,,,2,Two,,,,
DATAFLOW,OECD.ECO.MAD:DSD_EO@DF_EO(1.5),Economic Outlook 119,I,HUN,Hungary,GDPV_ANNPCT,"Gross domestic product, volume, growth",A,Annual,2027,,1.97304539579397,,,,PA,Percent per annum,0,Units,,,2021,,,,2,Two,,,,
DATAFLOW,OECD.ECO.MAD:DSD_EO@DF_EO(1.5),Economic Outlook 119,I,LTU,Lithuania,GDPV_ANNPCT,"Gross domestic product, volume, growth",A,Annual,2023,,0.739537183688995,,,,PA,Percent per annum,0,Units,,,2021,,,,2,Two,,,,
DATAFLOW,OECD.ECO.MAD:DSD_EO@DF_EO(1.5),Economic Outlook 119,I,LTU,Lithuania,GDPV_ANNPCT,"Gross domestic product, volume, growth",A,Annual,2024,,3.03019617578252,,,,PA,Percent per annum,0,Units,,,2021,,,,2,Two,,,,
DATAFLOW,OECD.ECO.MAD:DSD_EO@DF_EO(1.5),Economic Outlook 119,I,LTU,Lithuania,GDPV_ANNPCT,"Gross domestic product, volume, growth",A,Annual,2025,,2.92007588923427,,,,PA,Percent per annum,0,Units,,,2021,,,,2,Two,,,,
DATAFLOW,OECD.ECO.MAD:DSD_EO@DF_EO(1.5),Economic Outlook 119,I,LTU,Lithuania,GDPV_ANNPCT,"Gross domestic product, volume, growth",A,Annual,2026,,2.84041218132559,,,,PA,Percent per annum,0,Units,,,2021,,,,2,Two,,,,
DATAFLOW,OECD.ECO.MAD:DSD_EO@DF_EO(1.5),Economic Outlook 119,I,LTU,Lithuania,GDPV_ANNPCT,"Gross domestic product, volume, growth",A,Annual,2027,,1.96058421356622,,,,PA,Percent per annum,0,Units,,,2021,,,,2,Two,,,,
DATAFLOW,OECD.ECO.MAD:DSD_EO@DF_EO(1.5),Economic Outlook 119,I,PRT,Portugal,GDPV_ANNPCT,"Gross domestic product, volume, growth",A,Annual,2023,,3.09998734768297,,,,PA,Percent per annum,0,Units,,,2021,,,,2,Two,,,,
DATAFLOW,OECD.ECO.MAD:DSD_EO@DF_EO(1.5),Economic Outlook 119,I,PRT,Portugal,GDPV_ANNPCT,"Gross domestic product, volume, growth",A,Annual,2024,,2.21459267963986,,,,PA,Percent per annum,0,Units,,,2021,,,,2,Two,,,,
DATAFLOW,OECD.ECO.MAD:DSD_EO@DF_EO(1.5),Economic Outlook 119,I,PRT,Portugal,GDPV_ANNPCT,"Gross domestic product, volume, growth",A,Annual,2025,,1.86448006511601,,,,PA,Percent per annum,0,Units,,,2021,,,,2,Two,,,,
DATAFLOW,OECD.ECO.MAD:DSD_EO@DF_EO(1.5),Economic Outlook 119,I,PRT,Portugal,GDPV_ANNPCT,"Gross domestic product, volume, growth",A,Annual,2026,,1.75959070469403,,,,PA,Percent per annum,0,Units,,,2021,,,,2,Two,,,,
DATAFLOW,OECD.ECO.MAD:DSD_EO@DF_EO(1.5),Economic Outlook 119,I,PRT,Portugal,GDPV_ANNPCT,"Gross domestic product, volume, growth",A,Annual,2027,,1.74708548090594,,,,PA,Percent per annum,0,Units,,,2021,,,,2,Two,,,,
DATAFLOW,OECD.ECO.MAD:DSD_EO@DF_EO(1.5),Economic Outlook 119,I,NLD,Netherlands,GDPV_ANNPCT,"Gross domestic product, volume, growth",A,Annual,2023,,-0.585441431815255,,,,PA,Percent per annum,0,Units,,,2021,,,,2,Two,,,,
DATAFLOW,OECD.ECO.MAD:DSD_EO@DF_EO(1.5),Economic Outlook 119,I,NLD,Netherlands,GDPV_ANNPCT,"Gross domestic product, volume, growth",A,Annual,2024,,1.06589022308781,,,,PA,Percent per annum,0,Units,,,2021,,,,2,Two,,,,
DATAFLOW,OECD.ECO.MAD:DSD_EO@DF_EO(1.5),Economic Outlook 119,I,NLD,Netherlands,GDPV_ANNPCT,"Gross domestic product, volume, growth",A,Annual,2025,,1.7947215448475,,,,PA,Percent per annum,0,Units,,,2021,,,,2,Two,,,,
DATAFLOW,OECD.ECO.MAD:DSD_EO@DF_EO(1.5),Economic Outlook 119,I,NLD,Netherlands,GDPV_ANNPCT,"Gross domestic product, volume, growth",A,Annual,2026,,0.978260997956212,,,,PA,Percent per annum,0,Units,,,2021,,,,2,Two,,,,
DATAFLOW,OECD.ECO.MAD:DSD_EO@DF_EO(1.5),Economic Outlook 119,I,NLD,Netherlands,GDPV_ANNPCT,"Gross domestic product, volume, growth",A,Annual,2027,,1.43891622786325,,,,PA,Percent per annum,0,Units,,,2021,,,,2,Two,,,,
DATAFLOW,OECD.ECO.MAD:DSD_EO@DF_EO(1.5),Economic Outlook 119,I,CZE,Czechia,GDPV_ANNPCT,"Gross domestic product, volume, growth",A,Annual,2023,,0.170782535941811,,,,PA,Percent per annum,0,Units,,,2020,,,,2,Two,,,,
DATAFLOW,OECD.ECO.MAD:DSD_EO@DF_EO(1.5),Economic Outlook 119,I,CZE,Czechia,GDPV_ANNPCT,"Gross domestic product, volume, growth",A,Annual,2024,,1.12756171404753,,,,PA,Percent per annum,0,Units,,,2020,,,,2,Two,,,,
DATAFLOW,OECD.ECO.MAD:DSD_EO@DF_EO(1.5),Economic Outlook 119,I,CZE,Czechia,GDPV_ANNPCT,"Gross domestic product, volume, growth",A,Annual,2025,,2.64740932585072,,,,PA,Percent per annum,0,Units,,,2020,,,,2,Two,,,,
DATAFLOW,OECD.ECO.MAD:DSD_EO@DF_EO(1.5),Economic Outlook 119,I,CZE,Czechia,GDPV_ANNPCT,"Gross domestic product, volume, growth",A,Annual,2026,,1.8543516697591,,,,PA,Percent per annum,0,Units,,,2020,,,,2,Two,,,,
DATAFLOW,OECD.ECO.MAD:DSD_EO@DF_EO(1.5),Economic Outlook 119,I,CZE,Czechia,GDPV_ANNPCT,"Gross domestic product, volume, growth",A,Annual,2027,,2.10607170729615,,,,PA,Percent per annum,0,Units,,,2020,,,,2,Two,,,,
DATAFLOW,OECD.ECO.MAD:DSD_EO@DF_EO(1.5),Economic Outlook 119,I,DNK,Denmark,GDPV_ANNPCT,"Gross domestic product, volume, growth",A,Annual,2023,,0.60458782467191,,,,PA,Percent per annum,0,Units,,,2020,,,,2,Two,,,,
DATAFLOW,OECD.ECO.MAD:DSD_EO@DF_EO(1.5),Economic Outlook 119,I,DNK,Denmark,GDPV_ANNPCT,"Gross domestic product, volume, growth",A,Annual,2024,,3.47783608318372,,,,PA,Percent per annum,0,Units,,,2020,,,,2,Two,,,,
DATAFLOW,OECD.ECO.MAD:DSD_EO@DF_EO(1.5),Economic Outlook 119,I,DNK,Denmark,GDPV_ANNPCT,"Gross domestic product, volume, growth",A,Annual,2025,,2.92843311280166,,,,PA,Percent per annum,0,Units,,,2020,,,,2,Two,,,,
DATAFLOW,OECD.ECO.MAD:DSD_EO@DF_EO(1.5),Economic Outlook 119,I,DNK,Denmark,GDPV_ANNPCT,"Gross domestic product, volume, growth",A,Annual,2026,,2.54820026484478,,,,PA,Percent per annum,0,Units,,,2020,,,,2,Two,,,,
DATAFLOW,OECD.ECO.MAD:DSD_EO@DF_EO(1.5),Economic Outlook 119,I,DNK,Denmark,GDPV_ANNPCT,"Gross domestic product, volume, growth",A,Annual,2027,,1.4857955491578,,,,PA,Percent per annum,0,Units,,,2020,,,,2,Two,,,,
DATAFLOW,OECD.ECO.MAD:DSD_EO@DF_EO(1.5),Economic Outlook 119,I,EST,Estonia,GDPV_ANNPCT,"Gross domestic product, volume, growth",A,Annual,2023,,-2.81560428203839,,,,PA,Percent per annum,0,Units,,,2020,,,,2,Two,,,,
DATAFLOW,OECD.ECO.MAD:DSD_EO@DF_EO(1.5),Economic Outlook 119,I,EST,Estonia,GDPV_ANNPCT,"Gross domestic product, volume, growth",A,Annual,2024,,-0.101844646443652,,,,PA,Percent per annum,0,Units,,,2020,,,,2,Two,,,,
DATAFLOW,OECD.ECO.MAD:DSD_EO@DF_EO(1.5),Economic Outlook 119,I,EST,Estonia,GDPV_ANNPCT,"Gross domestic product, volume, growth",A,Annual,2025,,0.522454714936558,,,,PA,Percent per annum,0,Units,,,2020,,,,2,Two,,,,
DATAFLOW,OECD.ECO.MAD:DSD_EO@DF_EO(1.5),Economic Outlook 119,I,EST,Estonia,GDPV_ANNPCT,"Gross domestic product, volume, growth",A,Annual,2026,,1.81840666992106,,,,PA,Percent per annum,0,Units,,,2020,,,,2,Two,,,,
DATAFLOW,OECD.ECO.MAD:DSD_EO@DF_EO(1.5),Economic Outlook 119,I,EST,Estonia,GDPV_ANNPCT,"Gross domestic product, volume, growth",A,Annual,2027,,2.7169896476171,,,,PA,Percent per annum,0,Units,,,2020,,,,2,Two,,,,
DATAFLOW,OECD.ECO.MAD:DSD_EO@DF_EO(1.5),Economic Outlook 119,I,DEU,Germany,GDPV_ANNPCT,"Gross domestic product, volume, growth",A,Annual,2023,,-0.674637423574836,,,,PA,Percent per annum,0,Units,,,2020,,,,2,Two,,,,
DATAFLOW,OECD.ECO.MAD:DSD_EO@DF_EO(1.5),Economic Outlook 119,I,DEU,Germany,GDPV_ANNPCT,"Gross domestic product, volume, growth",A,Annual,2024,,-0.471876493752674,,,,PA,Percent per annum,0,Units,,,2020,,,,2,Two,,,,
DATAFLOW,OECD.ECO.MAD:DSD_EO@DF_EO(1.5),Economic Outlook 119,I,DEU,Germany,GDPV_ANNPCT,"Gross domestic product, volume, growth",A,Annual,2025,,0.3448104612348,,,,PA,Percent per annum,0,Units,,,2020,,,,2,Two,,,,
DATAFLOW,OECD.ECO.MAD:DSD_EO@DF_EO(1.5),Economic Outlook 119,I,DEU,Germany,GDPV_ANNPCT,"Gross domestic product, volume, growth",A,Annual,2026,,0.655989095017631,,,,PA,Percent per annum,0,Units,,,2020,,,,2,Two,,,,
DATAFLOW,OECD.ECO.MAD:DSD_EO@DF_EO(1.5),Economic Outlook 119,I,DEU,Germany,GDPV_ANNPCT,"Gross domestic product, volume, growth",A,Annual,2027,,1.11975165649274,,,,PA,Percent per annum,0,Units,,,2020,,,,2,Two,,,,
DATAFLOW,OECD.ECO.MAD:DSD_EO@DF_EO(1.5),Economic Outlook 119,I,GRC,Greece,GDPV_ANNPCT,"Gross domestic product, volume, growth",A,Annual,2023,,2.13591030103377,,,,PA,Percent per annum,0,Units,,,2020,,,,2,Two,,,,
DATAFLOW,OECD.ECO.MAD:DSD_EO@DF_EO(1.5),Economic Outlook 119,I,GRC,Greece,GDPV_ANNPCT,"Gross domestic product, volume, growth",A,Annual,2024,,2.08655399264913,,,,PA,Percent per annum,0,Units,,,2020,,,,2,Two,,,,
DATAFLOW,OECD.ECO.MAD:DSD_EO@DF_EO(1.5),Economic Outlook 119,I,GRC,Greece,GDPV_ANNPCT,"Gross domestic product, volume, growth",A,Annual,2025,,2.07311471481067,,,,PA,Percent per annum,0,Units,,,2020,,,,2,Two,,,,
DATAFLOW,OECD.ECO.MAD:DSD_EO@DF_EO(1.5),Economic Outlook 119,I,GRC,Greece,GDPV_ANNPCT,"Gross domestic product, volume, growth",A,Annual,2026,,1.87632859925738,,,,PA,Percent per annum,0,Units,,,2020,,,,2,Two,,,,
DATAFLOW,OECD.ECO.MAD:DSD_EO@DF_EO(1.5),Economic Outlook 119,I,GRC,Greece,GDPV_ANNPCT,"Gross domestic product, volume, growth",A,Annual,2027,,2.04174849091235,,,,PA,Percent per annum,0,Units,,,2020,,,,2,Two,,,,
DATAFLOW,OECD.ECO.MAD:DSD_EO@DF_EO(1.5),Economic Outlook 119,I,ISR,Israel,GDPV_ANNPCT,"Gross domestic product, volume, growth",A,Annual,2023,,2.06271999997695,,,,PA,Percent per annum,0,Units,,,2020,,,,2,Two,,,,
DATAFLOW,OECD.ECO.MAD:DSD_EO@DF_EO(1.5),Economic Outlook 119,I,ISR,Israel,GDPV_ANNPCT,"Gross domestic product, volume, growth",A,Annual,2024,,0.95364000002462,,,,PA,Percent per annum,0,Units,,,2020,,,,2,Two,,,,
DATAFLOW,OECD.ECO.MAD:DSD_EO@DF_EO(1.5),Economic Outlook 119,I,ISR,Israel,GDPV_ANNPCT,"Gross domestic product, volume, growth",A,Annual,2025,,2.93099999997952,,,,PA,Percent per annum,0,Units,,,2020,,,,2,Two,,,,
DATAFLOW,OECD.ECO.MAD:DSD_EO@DF_EO(1.5),Economic Outlook 119,I,ISR,Israel,GDPV_ANNPCT,"Gross domestic product, volume, growth",A,Annual,2026,,3.30289931525093,,,,PA,Percent per annum,0,Units,,,2020,,,,2,Two,,,,
DATAFLOW,OECD.ECO.MAD:DSD_EO@DF_EO(1.5),Economic Outlook 119,I,ISR,Israel,GDPV_ANNPCT,"Gross domestic product, volume, growth",A,Annual,2027,,5.61381087874854,,,,PA,Percent per annum,0,Units,,,2020,,,,2,Two,,,,
DATAFLOW,OECD.ECO.MAD:DSD_EO@DF_EO(1.5),Economic Outlook 119,I,LVA,Latvia,GDPV_ANNPCT,"Gross domestic product, volume, growth",A,Annual,2023,,-0.941602929079679,,,,PA,Percent per annum,0,Units,,,2020,,,,2,Two,,,,
DATAFLOW,OECD.ECO.MAD:DSD_EO@DF_EO(1.5),Economic Outlook 119,I,LVA,Latvia,GDPV_ANNPCT,"Gross domestic product, volume, growth",A,Annual,2024,,-0.0370620028321582,,,,PA,Percent per annum,0,Units,,,2020,,,,2,Two,,,,
DATAFLOW,OECD.ECO.MAD:DSD_EO@DF_EO(1.5),Economic Outlook 119,I,LVA,Latvia,GDPV_ANNPCT,"Gross domestic product, volume, growth",A,Annual,2025,,2.13787179586367,,,,PA,Percent per annum,0,Units,,,2020,,,,2,Two,,,,
DATAFLOW,OECD.ECO.MAD:DSD_EO@DF_EO(1.5),Economic Outlook 119,I,LVA,Latvia,GDPV_ANNPCT,"Gross domestic product, volume, growth",A,Annual,2026,,1.88629529345468,,,,PA,Percent per annum,0,Units,,,2020,,,,2,Two,,,,
DATAFLOW,OECD.ECO.MAD:DSD_EO@DF_EO(1.5),Economic Outlook 119,I,LVA,Latvia,GDPV_ANNPCT,"Gross domestic product, volume, growth",A,Annual,2027,,2.2393126950128,,,,PA,Percent per annum,0,Units,,,2020,,,,2,Two,,,,
DATAFLOW,OECD.ECO.MAD:DSD_EO@DF_EO(1.5),Economic Outlook 119,I,POL,Poland,GDPV_ANNPCT,"Gross domestic product, volume, growth",A,Annual,2023,,0.160276789747158,,,,PA,Percent per annum,0,Units,,,2020,,,,2,Two,,,,
DATAFLOW,OECD.ECO.MAD:DSD_EO@DF_EO(1.5),Economic Outlook 119,I,POL,Poland,GDPV_ANNPCT,"Gross domestic product, volume, growth",A,Annual,2024,,3.10057503491056,,,,PA,Percent per annum,0,Units,,,2020,,,,2,Two,,,,
DATAFLOW,OECD.ECO.MAD:DSD_EO@DF_EO(1.5),Economic Outlook 119,I,POL,Poland,GDPV_ANNPCT,"Gross domestic product, volume, growth",A,Annual,2025,,3.63192408630005,,,,PA,Percent per annum,0,Units,,,2020,,,,2,Two,,,,
DATAFLOW,OECD.ECO.MAD:DSD_EO@DF_EO(1.5),Economic Outlook 119,I,POL,Poland,GDPV_ANNPCT,"Gross domestic product, volume, growth",A,Annual,2026,,3.04098674771723,,,,PA,Percent per annum,0,Units,,,2020,,,,2,Two,,,,
DATAFLOW,OECD.ECO.MAD:DSD_EO@DF_EO(1.5),Economic Outlook 119,I,POL,Poland,GDPV_ANNPCT,"Gross domestic product, volume, growth",A,Annual,2027,,2.62210032998111,,,,PA,Percent per annum,0,Units,,,2020,,,,2,Two,,,,
DATAFLOW,OECD.ECO.MAD:DSD_EO@DF_EO(1.5),Economic Outlook 119,I,SVK,Slovak Republic,GDPV_ANNPCT,"Gross domestic product, volume, growth",A,Annual,2023,,2.11263633214959,,,,PA,Percent per annum,0,Units,,,2020,,,,2,Two,,,,
DATAFLOW,OECD.ECO.MAD:DSD_EO@DF_EO(1.5),Economic Outlook 119,I,SVK,Slovak Republic,GDPV_ANNPCT,"Gross domestic product, volume, growth",A,Annual,2024,,1.93867445549446,,,,PA,Percent per annum,0,Units,,,2020,,,,2,Two,,,,
DATAFLOW,OECD.ECO.MAD:DSD_EO@DF_EO(1.5),Economic Outlook 119,I,SVK,Slovak Republic,GDPV_ANNPCT,"Gross domestic product, volume, growth",A,Annual,2025,,0.807418690144758,,,,PA,Percent per annum,0,Units,,,2020,,,,2,Two,,,,
DATAFLOW,OECD.ECO.MAD:DSD_EO@DF_EO(1.5),Economic Outlook 119,I,SVK,Slovak Republic,GDPV_ANNPCT,"Gross domestic product, volume, growth",A,Annual,2026,,0.707739870397916,,,,PA,Percent per annum,0,Units,,,2020,,,,2,Two,,,,
DATAFLOW,OECD.ECO.MAD:DSD_EO@DF_EO(1.5),Economic Outlook 119,I,SVK,Slovak Republic,GDPV_ANNPCT,"Gross domestic product, volume, growth",A,Annual,2027,,1.57851704922683,,,,PA,Percent per annum,0,Units,,,2020,,,,2,Two,,,,
DATAFLOW,OECD.ECO.MAD:DSD_EO@DF_EO(1.5),Economic Outlook 119,I,CHE,Switzerland,GDPV_ANNPCT,"Gross domestic product, volume, growth",A,Annual,2023,,0.875166364044816,,,,PA,Percent per annum,0,Units,,,2020,,,,2,Two,,,,
DATAFLOW,OECD.ECO.MAD:DSD_EO@DF_EO(1.5),Economic Outlook 119,I,CHE,Switzerland,GDPV_ANNPCT,"Gross domestic product, volume, growth",A,Annual,2024,,1.38931125539347,,,,PA,Percent per annum,0,Units,,,2020,,,,2,Two,,,,
DATAFLOW,OECD.ECO.MAD:DSD_EO@DF_EO(1.5),Economic Outlook 119,I,CHE,Switzerland,GDPV_ANNPCT,"Gross domestic product, volume, growth",A,Annual,2025,,1.27180270639835,,,,PA,Percent per annum,0,Units,,,2020,,,,2,Two,,,,
DATAFLOW,OECD.ECO.MAD:DSD_EO@DF_EO(1.5),Economic Outlook 119,I,CHE,Switzerland,GDPV_ANNPCT,"Gross domestic product, volume, growth",A,Annual,2026,,1.12628047185176,,,,PA,Percent per annum,0,Units,,,2020,,,,2,Two,,,,
DATAFLOW,OECD.ECO.MAD:DSD_EO@DF_EO(1.5),Economic Outlook 119,I,CHE,Switzerland,GDPV_ANNPCT,"Gross domestic product, volume, growth",A,Annual,2027,,1.51554691011447,,,,PA,Percent per annum,0,Units,,,2020,,,,2,Two,,,,
DATAFLOW,OECD.ECO.MAD:DSD_EO@DF_EO(1.5),Economic Outlook 119,I,ESP,Spain,GDPV_ANNPCT,"Gross domestic product, volume, growth",A,Annual,2023,,2.46077800946448,,,,PA,Percent per annum,0,Units,,,2020,,,,2,Two,,,,
DATAFLOW,OECD.ECO.MAD:DSD_EO@DF_EO(1.5),Economic Outlook 119,I,ESP,Spain,GDPV_ANNPCT,"Gross domestic product, volume, growth",A,Annual,2024,,3.45525405630192,,,,PA,Percent per annum,0,Units,,,2020,,,,2,Two,,,,
DATAFLOW,OECD.ECO.MAD:DSD_EO@DF_EO(1.5),Economic Outlook 119,I,ESP,Spain,GDPV_ANNPCT,"Gross domestic product, volume, growth",A,Annual,2025,,2.82502762597703,,,,PA,Percent per annum,0,Units,,,2020,,,,2,Two,,,,
DATAFLOW,OECD.ECO.MAD:DSD_EO@DF_EO(1.5),Economic Outlook 119,I,ESP,Spain,GDPV_ANNPCT,"Gross domestic product, volume, growth",A,Annual,2026,,2.19168062345206,,,,PA,Percent per annum,0,Units,,,2020,,,,2,Two,,,,
DATAFLOW,OECD.ECO.MAD:DSD_EO@DF_EO(1.5),Economic Outlook 119,I,ESP,Spain,GDPV_ANNPCT,"Gross domestic product, volume, growth",A,Annual,2027,,1.66990175811124,,,,PA,Percent per annum,0,Units,,,2020,,,,2,Two,,,,
DATAFLOW,OECD.ECO.MAD:DSD_EO@DF_EO(1.5),Economic Outlook 119,I,KOR,Korea,GDPV_ANNPCT,"Gross domestic product, volume, growth",A,Annual,2023,,1.58302378653829,,,,PA,Percent per annum,0,Units,,,2020,,,,2,Two,,,,
DATAFLOW,OECD.ECO.MAD:DSD_EO@DF_EO(1.5),Economic Outlook 119,I,KOR,Korea,GDPV_ANNPCT,"Gross domestic product, volume, growth",A,Annual,2024,,2.00360202917634,,,,PA,Percent per annum,0,Units,,,2020,,,,2,Two,,,,
DATAFLOW,OECD.ECO.MAD:DSD_EO@DF_EO(1.5),Economic Outlook 119,I,KOR,Korea,GDPV_ANNPCT,"Gross domestic product, volume, growth",A,Annual,2025,,0.961398564166871,,,,PA,Percent per annum,0,Units,,,2020,,,,2,Two,,,,
DATAFLOW,OECD.ECO.MAD:DSD_EO@DF_EO(1.5),Economic Outlook 119,I,KOR,Korea,GDPV_ANNPCT,"Gross domestic product, volume, growth",A,Annual,2026,,2.63042316286754,,,,PA,Percent per annum,0,Units,,,2020,,,,2,Two,,,,
DATAFLOW,OECD.ECO.MAD:DSD_EO@DF_EO(1.5),Economic Outlook 119,I,KOR,Korea,GDPV_ANNPCT,"Gross domestic product, volume, growth",A,Annual,2027,,1.94194557395251,,,,PA,Percent per annum,0,Units,,,2020,,,,2,Two,,,,
DATAFLOW,OECD.ECO.MAD:DSD_EO@DF_EO(1.5),Economic Outlook 119,I,JPN,Japan,GDPV_ANNPCT,"Gross domestic product, volume, growth",A,Annual,2023,,0.720785180847841,,,,PA,Percent per annum,0,Units,,,2020,,,,2,Two,,,,
DATAFLOW,OECD.ECO.MAD:DSD_EO@DF_EO(1.5),Economic Outlook 119,I,JPN,Japan,GDPV_ANNPCT,"Gross domestic product, volume, growth",A,Annual,2024,,-0.168448096172966,,,,PA,Percent per annum,0,Units,,,2020,,,,2,Two,,,,
DATAFLOW,OECD.ECO.MAD:DSD_EO@DF_EO(1.5),Economic Outlook 119,I,JPN,Japan,GDPV_ANNPCT,"Gross domestic product, volume, growth",A,Annual,2025,,1.05424789477831,,,,PA,Percent per annum,0,Units,,,2020,,,,2,Two,,,,
DATAFLOW,OECD.ECO.MAD:DSD_EO@DF_EO(1.5),Economic Outlook 119,I,JPN,Japan,GDPV_ANNPCT,"Gross domestic product, volume, growth",A,Annual,2026,,0.60998795547232,,,,PA,Percent per annum,0,Units,,,2020,,,,2,Two,,,,
DATAFLOW,OECD.ECO.MAD:DSD_EO@DF_EO(1.5),Economic Outlook 119,I,JPN,Japan,GDPV_ANNPCT,"Gross domestic product, volume, growth",A,Annual,2027,,0.753396536868621,,,,PA,Percent per annum,0,Units,,,2020,,,,2,Two,,,,
DATAFLOW,OECD.ECO.MAD:DSD_EO@DF_EO(1.5),Economic Outlook 119,I,ITA,Italy,GDPV_ANNPCT,"Gross domestic product, volume, growth",A,Annual,2023,,0.922770854956951,,,,PA,Percent per annum,0,Units,,,2020,,,,2,Two,,,,
DATAFLOW,OECD.ECO.MAD:DSD_EO@DF_EO(1.5),Economic Outlook 119,I,ITA,Italy,GDPV_ANNPCT,"Gross domestic product, volume, growth",A,Annual,2024,,0.783029393779543,,,,PA,Percent per annum,0,Units,,,2020,,,,2,Two,,,,
DATAFLOW,OECD.ECO.MAD:DSD_EO@DF_EO(1.5),Economic Outlook 119,I,ITA,Italy,GDPV_ANNPCT,"Gross domestic product, volume, growth",A,Annual,2025,,0.539599605203463,,,,PA,Percent per annum,0,Units,,,2020,,,,2,Two,,,,
DATAFLOW,OECD.ECO.MAD:DSD_EO@DF_EO(1.5),Economic Outlook 119,I,ITA,Italy,GDPV_ANNPCT,"Gross domestic product, volume, growth",A,Annual,2026,,0.530213815573717,,,,PA,Percent per annum,0,Units,,,2020,,,,2,Two,,,,
DATAFLOW,OECD.ECO.MAD:DSD_EO@DF_EO(1.5),Economic Outlook 119,I,ITA,Italy,GDPV_ANNPCT,"Gross domestic product, volume, growth",A,Annual,2027,,0.56885526249792,,,,PA,Percent per annum,0,Units,,,2020,,,,2,Two,,,,
DATAFLOW,OECD.ECO.MAD:DSD_EO@DF_EO(1.5),Economic Outlook 119,I,ISL,Iceland,GDPV_ANNPCT,"Gross domestic product, volume, growth",A,Annual,2023,,5.06760406757508,,,,PA,Percent per annum,0,Units,,,2020,,,,2,Two,,,,
DATAFLOW,OECD.ECO.MAD:DSD_EO@DF_EO(1.5),Economic Outlook 119,I,ISL,Iceland,GDPV_ANNPCT,"Gross domestic product, volume, growth",A,Annual,2024,,-1.28288300338862,,,,PA,Percent per annum,0,Units,,,2020,,,,2,Two,,,,
DATAFLOW,OECD.ECO.MAD:DSD_EO@DF_EO(1.5),Economic Outlook 119,I,ISL,Iceland,GDPV_ANNPCT,"Gross domestic product, volume, growth",A,Annual,2025,,1.27947331413002,,,,PA,Percent per annum,0,Units,,,2020,,,,2,Two,,,,
DATAFLOW,OECD.ECO.MAD:DSD_EO@DF_EO(1.5),Economic Outlook 119,I,ISL,Iceland,GDPV_ANNPCT,"Gross domestic product, volume, growth",A,Annual,2026,,1.59292540910432,,,,PA,Percent per annum,0,Units,,,2020,,,,2,Two,,,,
DATAFLOW,OECD.ECO.MAD:DSD_EO@DF_EO(1.5),Economic Outlook 119,I,ISL,Iceland,GDPV_ANNPCT,"Gross domestic product, volume, growth",A,Annual,2027,,2.20345594994835,,,,PA,Percent per annum,0,Units,,,2020,,,,2,Two,,,,
DATAFLOW,OECD.ECO.MAD:DSD_EO@DF_EO(1.5),Economic Outlook 119,I,FRA,France,GDPV_ANNPCT,"Gross domestic product, volume, growth",A,Annual,2023,,1.62085144151406,,,,PA,Percent per annum,0,Units,,,2020,,,,2,Two,,,,
DATAFLOW,OECD.ECO.MAD:DSD_EO@DF_EO(1.5),Economic Outlook 119,I,FRA,France,GDPV_ANNPCT,"Gross domestic product, volume, growth",A,Annual,2024,,1.10462306210302,,,,PA,Percent per annum,0,Units,,,2020,,,,2,Two,,,,
DATAFLOW,OECD.ECO.MAD:DSD_EO@DF_EO(1.5),Economic Outlook 119,I,FRA,France,GDPV_ANNPCT,"Gross domestic product, volume, growth",A,Annual,2025,,0.939379134167112,,,,PA,Percent per annum,0,Units,,,2020,,,,2,Two,,,,
DATAFLOW,OECD.ECO.MAD:DSD_EO@DF_EO(1.5),Economic Outlook 119,I,FRA,France,GDPV_ANNPCT,"Gross domestic product, volume, growth",A,Annual,2026,,0.651790869970171,,,,PA,Percent per annum,0,Units,,,2020,,,,2,Two,,,,
DATAFLOW,OECD.ECO.MAD:DSD_EO@DF_EO(1.5),Economic Outlook 119,I,FRA,France,GDPV_ANNPCT,"Gross domestic product, volume, growth",A,Annual,2027,,0.815280016142864,,,,PA,Percent per annum,0,Units,,,2020,,,,2,Two,,,,
DATAFLOW,OECD.ECO.MAD:DSD_EO@DF_EO(1.5),Economic Outlook 119,I,BEL,Belgium,GDPV_ANNPCT,"Gross domestic product, volume, growth",A,Annual,2023,,1.56123588655595,,,,PA,Percent per annum,0,Units,,,2020,,,,2,Two,,,,
DATAFLOW,OECD.ECO.MAD:DSD_EO@DF_EO(1.5),Economic Outlook 119,I,BEL,Belgium,GDPV_ANNPCT,"Gross domestic product, volume, growth",A,Annual,2024,,1.09777325812126,,,,PA,Percent per annum,0,Units,,,2020,,,,2,Two,,,,
DATAFLOW,OECD.ECO.MAD:DSD_EO@DF_EO(1.5),Economic Outlook 119,I,BEL,Belgium,GDPV_ANNPCT,"Gross domestic product, volume, growth",A,Annual,2025,,0.983117967125906,,,,PA,Percent per annum,0,Units,,,2020,,,,2,Two,,,,
DATAFLOW,OECD.ECO.MAD:DSD_EO@DF_EO(1.5),Economic Outlook 119,I,BEL,Belgium,GDPV_ANNPCT,"Gross domestic product, volume, growth",A,Annual,2026,,0.705799884972748,,,,PA,Percent per annum,0,Units,,,2020,,,,2,Two,,,,
DATAFLOW,OECD.ECO.MAD:DSD_EO@DF_EO(1.5),Economic Outlook 119,I,BEL,Belgium,GDPV_ANNPCT,"Gross domestic product, volume, growth",A,Annual,2027,,1.07551929534785,,,,PA,Percent per annum,0,Units,,,2020,,,,2,Two,,,,
DATAFLOW,OECD.ECO.MAD:DSD_EO@DF_EO(1.5),Economic Outlook 119,I,COL,Colombia,GDPV_ANNPCT,"Gross domestic product, volume, growth",A,Annual,2023,,0.841819555752039,,,,PA,Percent per annum,0,Units,,,2015,,,,2,Two,,,,
DATAFLOW,OECD.ECO.MAD:DSD_EO@DF_EO(1.5),Economic Outlook 119,I,COL,Colombia,GDPV_ANNPCT,"Gross domestic product, volume, growth",A,Annual,2024,,1.49330728771056,,,,PA,Percent per annum,0,Units,,,2015,,,,2,Two,,,,
DATAFLOW,OECD.ECO.MAD:DSD_EO@DF_EO(1.5),Economic Outlook 119,I,COL,Colombia,GDPV_ANNPCT,"Gross domestic product, volume, growth",A,Annual,2025,,2.56988252893149,,,,PA,Percent per annum,0,Units,,,2015,,,,2,Two,,,,
DATAFLOW,OECD.ECO.MAD:DSD_EO@DF_EO(1.5),Economic Outlook 119,I,COL,Colombia,GDPV_ANNPCT,"Gross domestic product, volume, growth",A,Annual,2026,,2.39744409602572,,,,PA,Percent per annum,0,Units,,,2015,,,,2,Two,,,,
DATAFLOW,OECD.ECO.MAD:DSD_EO@DF_EO(1.5),Economic Outlook 119,I,COL,Colombia,GDPV_ANNPCT,"Gross domestic product, volume, growth",A,Annual,2027,,2.06163193130557,,,,PA,Percent per annum,0,Units,,,2015,,,,2,Two,,,,
DATAFLOW,OECD.ECO.MAD:DSD_EO@DF_EO(1.5),Economic Outlook 119,I,AUT,Austria,GDPV_ANNPCT,"Gross domestic product, volume, growth",A,Annual,2023,,-0.786244180021924,,,,PA,Percent per annum,0,Units,,,2015,,,,2,Two,,,,
DATAFLOW,OECD.ECO.MAD:DSD_EO@DF_EO(1.5),Economic Outlook 119,I,AUT,Austria,GDPV_ANNPCT,"Gross domestic product, volume, growth",A,Annual,2024,,-0.659089738313369,,,,PA,Percent per annum,0,Units,,,2015,,,,2,Two,,,,
DATAFLOW,OECD.ECO.MAD:DSD_EO@DF_EO(1.5),Economic Outlook 119,I,AUT,Austria,GDPV_ANNPCT,"Gross domestic product, volume, growth",A,Annual,2025,,0.615747306152286,,,,PA,Percent per annum,0,Units,,,2015,,,,2,Two,,,,
DATAFLOW,OECD.ECO.MAD:DSD_EO@DF_EO(1.5),Economic Outlook 119,I,AUT,Austria,GDPV_ANNPCT,"Gross domestic product, volume, growth",A,Annual,2026,,0.728134539321729,,,,PA,Percent per annum,0,Units,,,2015,,,,2,Two,,,,
DATAFLOW,OECD.ECO.MAD:DSD_EO@DF_EO(1.5),Economic Outlook 119,I,AUT,Austria,GDPV_ANNPCT,"Gross domestic product, volume, growth",A,Annual,2027,,1.14265715585279,,,,PA,Percent per annum,0,Units,,,2015,,,,2,Two,,,,
DATAFLOW,OECD.ECO.MAD:DSD_EO@DF_EO(1.5),Economic Outlook 119,I,LUX,Luxembourg,GDPV_ANNPCT,"Gross domestic product, volume, growth",A,Annual,2023,,0.0929608643639739,,,,PA,Percent per annum,0,Units,,,2015,,,,2,Two,,,,
DATAFLOW,OECD.ECO.MAD:DSD_EO@DF_EO(1.5),Economic Outlook 119,I,LUX,Luxembourg,GDPV_ANNPCT,"Gross domestic product, volume, growth",A,Annual,2024,,0.34762276366159,,,,PA,Percent per annum,0,Units,,,2015,,,,2,Two,,,,
DATAFLOW,OECD.ECO.MAD:DSD_EO@DF_EO(1.5),Economic Outlook 119,I,LUX,Luxembourg,GDPV_ANNPCT,"Gross domestic product, volume, growth",A,Annual,2025,,0.622541497614378,,,,PA,Percent per annum,0,Units,,,2015,,,,2,Two,,,,
DATAFLOW,OECD.ECO.MAD:DSD_EO@DF_EO(1.5),Economic Outlook 119,I,LUX,Luxembourg,GDPV_ANNPCT,"Gross domestic product, volume, growth",A,Annual,2026,,0.730600698146944,,,,PA,Percent per annum,0,Units,,,2015,,,,2,Two,,,,
DATAFLOW,OECD.ECO.MAD:DSD_EO@DF_EO(1.5),Economic Outlook 119,I,LUX,Luxembourg,GDPV_ANNPCT,"Gross domestic product, volume, growth",A,Annual,2027,,1.27841418005198,,,,PA,Percent per annum,0,Units,,,2015,,,,2,Two,,,,
DATAFLOW,OECD.ECO.MAD:DSD_EO@DF_EO(1.5),Economic Outlook 119,I,FIN,Finland,GDPV_ANNPCT,"Gross domestic product, volume, growth",A,Annual,2023,,-1.28970664815137,,,,PA,Percent per annum,0,Units,,,2015,,,,2,Two,,,,
DATAFLOW,OECD.ECO.MAD:DSD_EO@DF_EO(1.5),Economic Outlook 119,I,FIN,Finland,GDPV_ANNPCT,"Gross domestic product, volume, growth",A,Annual,2024,,0.374118557335535,,,,PA,Percent per annum,0,Units,,,2015,,,,2,Two,,,,
DATAFLOW,OECD.ECO.MAD:DSD_EO@DF_EO(1.5),Economic Outlook 119,I,FIN,Finland,GDPV_ANNPCT,"Gross domestic product, volume, growth",A,Annual,2025,,0.172565577109225,,,,PA,Percent per annum,0,Units,,,2015,,,,2,Two,,,,
DATAFLOW,OECD.ECO.MAD:DSD_EO@DF_EO(1.5),Economic Outlook 119,I,FIN,Finland,GDPV_ANNPCT,"Gross domestic product, volume, growth",A,Annual,2026,,0.831954958650812,,,,PA,Percent per annum,0,Units,,,2015,,,,2,Two,,,,
DATAFLOW,OECD.ECO.MAD:DSD_EO@DF_EO(1.5),Economic Outlook 119,I,FIN,Finland,GDPV_ANNPCT,"Gross domestic product, volume, growth",A,Annual,2027,,1.1919647788789,,,,PA,Percent per annum,0,Units,,,2015,,,,2,Two,,,,
DATAFLOW,OECD.ECO.MAD:DSD_EO@DF_EO(1.5),Economic Outlook 119,I,AUS,Australia,GDPV_ANNPCT,"Gross domestic product, volume, growth",A,Annual,2023,,2.06515466065265,,,,PA,Percent per annum,0,Units,,,2023,,,,2,Two,,,,
DATAFLOW,OECD.ECO.MAD:DSD_EO@DF_EO(1.5),Economic Outlook 119,I,AUS,Australia,GDPV_ANNPCT,"Gross domestic product, volume, growth",A,Annual,2024,,1.06582759227499,,,,PA,Percent per annum,0,Units,,,2023,,,,2,Two,,,,
DATAFLOW,OECD.ECO.MAD:DSD_EO@DF_EO(1.5),Economic Outlook 119,I,AUS,Australia,GDPV_ANNPCT,"Gross domestic product, volume, growth",A,Annual,2025,,1.9858069138855,,,,PA,Percent per annum,0,Units,,,2023,,,,2,Two,,,,
DATAFLOW,OECD.ECO.MAD:DSD_EO@DF_EO(1.5),Economic Outlook 119,I,AUS,Australia,GDPV_ANNPCT,"Gross domestic product, volume, growth",A,Annual,2026,,1.94739379230805,,,,PA,Percent per annum,0,Units,,,2023,,,,2,Two,,,,
DATAFLOW,OECD.ECO.MAD:DSD_EO@DF_EO(1.5),Economic Outlook 119,I,AUS,Australia,GDPV_ANNPCT,"Gross domestic product, volume, growth",A,Annual,2027,,1.84413836327273,,,,PA,Percent per annum,0,Units,,,2023,,,,2,Two,,,,
DATAFLOW,OECD.ECO.MAD:DSD_EO@DF_EO(1.5),Economic Outlook 119,I,CHL,Chile,GDPV_ANNPCT,"Gross domestic product, volume, growth",A,Annual,2023,,0.781526399929433,,,,PA,Percent per annum,0,Units,,,2018,,,,2,Two,,,,
DATAFLOW,OECD.ECO.MAD:DSD_EO@DF_EO(1.5),Economic Outlook 119,I,CHL,Chile,GDPV_ANNPCT,"Gross domestic product, volume, growth",A,Annual,2024,,2.58960056430638,,,,PA,Percent per annum,0,Units,,,2018,,,,2,Two,,,,
DATAFLOW,OECD.ECO.MAD:DSD_EO@DF_EO(1.5),Economic Outlook 119,I,CHL,Chile,GDPV_ANNPCT,"Gross domestic product, volume, growth",A,Annual,2025,,2.5968833948172,,,,PA,Percent per annum,0,Units,,,2018,,,,2,Two,,,,
DATAFLOW,OECD.ECO.MAD:DSD_EO@DF_EO(1.5),Economic Outlook 119,I,CHL,Chile,GDPV_ANNPCT,"Gross domestic product, volume, growth",A,Annual,2026,,1.65045761330028,,,,PA,Percent per annum,0,Units,,,2018,,,,2,Two,,,,
DATAFLOW,OECD.ECO.MAD:DSD_EO@DF_EO(1.5),Economic Outlook 119,I,CHL,Chile,GDPV_ANNPCT,"Gross domestic product, volume, growth",A,Annual,2027,,2.45363006220892,,,,PA,Percent per annum,0,Units,,,2018,,,,2,Two,,,,
DATAFLOW,OECD.ECO.MAD:DSD_EO@DF_EO(1.5),Economic Outlook 119,I,CRI,Costa Rica,GDPV_ANNPCT,"Gross domestic product, volume, growth",A,Annual,2023,,4.79187739241502,,,,PA,Percent per annum,0,Units,,,2022,,,,2,Two,,,,
DATAFLOW,OECD.ECO.MAD:DSD_EO@DF_EO(1.5),Economic Outlook 119,I,CRI,Costa Rica,GDPV_ANNPCT,"Gross domestic product, volume, growth",A,Annual,2024,,4.08292433275795,,,,PA,Percent per annum,0,Units,,,2022,,,,2,Two,,,,
DATAFLOW,OECD.ECO.MAD:DSD_EO@DF_EO(1.5),Economic Outlook 119,I,CRI,Costa Rica,GDPV_ANNPCT,"Gross domestic product, volume, growth",A,Annual,2025,,4.56033549454756,,,,PA,Percent per annum,0,Units,,,2022,,,,2,Two,,,,
DATAFLOW,OECD.ECO.MAD:DSD_EO@DF_EO(1.5),Economic Outlook 119,I,CRI,Costa Rica,GDPV_ANNPCT,"Gross domestic product, volume, growth",A,Annual,2026,,3.47434711031975,,,,PA,Percent per annum,0,Units,,,2022,,,,2,Two,,,,
DATAFLOW,OECD.ECO.MAD:DSD_EO@DF_EO(1.5),Economic Outlook 119,I,CRI,Costa Rica,GDPV_ANNPCT,"Gross domestic product, volume, growth",A,Annual,2027,,3.43672224815163,,,,PA,Percent per annum,0,Units,,,2022,,,,2,Two,,,,
DATAFLOW,OECD.ECO.MAD:DSD_EO@DF_EO(1.5),Economic Outlook 119,I,IRL,Ireland,GDPV_ANNPCT,"Gross domestic product, volume, growth",A,Annual,2023,,-2.5674734779697,,,,PA,Percent per annum,0,Units,,,2023,,,,2,Two,,,,
DATAFLOW,OECD.ECO.MAD:DSD_EO@DF_EO(1.5),Economic Outlook 119,I,IRL,Ireland,GDPV_ANNPCT,"Gross domestic product, volume, growth",A,Annual,2024,,2.53597412070742,,,,PA,Percent per annum,0,Units,,,2023,,,,2,Two,,,,
DATAFLOW,OECD.ECO.MAD:DSD_EO@DF_EO(1.5),Economic Outlook 119,I,IRL,Ireland,GDPV_ANNPCT,"Gross domestic product, volume, growth",A,Annual,2025,,12.3947655261668,,,,PA,Percent per annum,0,Units,,,2023,,,,2,Two,,,,
DATAFLOW,OECD.ECO.MAD:DSD_EO@DF_EO(1.5),Economic Outlook 119,I,IRL,Ireland,GDPV_ANNPCT,"Gross domestic product, volume, growth",A,Annual,2026,,-1.03545077688906,,,,PA,Percent per annum,0,Units,,,2023,,,,2,Two,,,,
DATAFLOW,OECD.ECO.MAD:DSD_EO@DF_EO(1.5),Economic Outlook 119,I,IRL,Ireland,GDPV_ANNPCT,"Gross domestic product, volume, growth",A,Annual,2027,,2.94962181215941,,,,PA,Percent per annum,0,Units,,,2023,,,,2,Two,,,,
DATAFLOW,OECD.ECO.MAD:DSD_EO@DF_EO(1.5),Economic Outlook 119,I,NZL,New Zealand,GDPV_ANNPCT,"Gross domestic product, volume, growth",A,Annual,2023,,2.06643006514209,,,,PA,Percent per annum,0,Units,,,2009,,,,2,Two,,,,
DATAFLOW,OECD.ECO.MAD:DSD_EO@DF_EO(1.5),Economic Outlook 119,I,NZL,New Zealand,GDPV_ANNPCT,"Gross domestic product, volume, growth",A,Annual,2024,,-0.325182958748911,,,,PA,Percent per annum,0,Units,,,2009,,,,2,Two,,,,
DATAFLOW,OECD.ECO.MAD:DSD_EO@DF_EO(1.5),Economic Outlook 119,I,NZL,New Zealand,GDPV_ANNPCT,"Gross domestic product, volume, growth",A,Annual,2025,,0.462932368745982,,,,PA,Percent per annum,0,Units,,,2009,,,,2,Two,,,,
DATAFLOW,OECD.ECO.MAD:DSD_EO@DF_EO(1.5),Economic Outlook 119,I,NZL,New Zealand,GDPV_ANNPCT,"Gross domestic product, volume, growth",A,Annual,2026,,1.40786974010857,,,,PA,Percent per annum,0,Units,,,2009,,,,2,Two,,,,
DATAFLOW,OECD.ECO.MAD:DSD_EO@DF_EO(1.5),Economic Outlook 119,I,NZL,New Zealand,GDPV_ANNPCT,"Gross domestic product, volume, growth",A,Annual,2027,,2.23134514349414,,,,PA,Percent per annum,0,Units,,,2009,,,,2,Two,,,,
DATAFLOW,OECD.ECO.MAD:DSD_EO@DF_EO(1.5),Economic Outlook 119,I,SVN,Slovenia,GDPV_ANNPCT,"Gross domestic product, volume, growth",A,Annual,2023,,2.37583165578889,,,,PA,Percent per annum,0,Units,,,2010,,,,2,Two,,,,
DATAFLOW,OECD.ECO.MAD:DSD_EO@DF_EO(1.5),Economic Outlook 119,I,SVN,Slovenia,GDPV_ANNPCT,"Gross domestic product, volume, growth",A,Annual,2024,,1.7313971455587,,,,PA,Percent per annum,0,Units,,,2010,,,,2,Two,,,,
DATAFLOW,OECD.ECO.MAD:DSD_EO@DF_EO(1.5),Economic Outlook 119,I,SVN,Slovenia,GDPV_ANNPCT,"Gross domestic product, volume, growth",A,Annual,2025,,1.05993105372447,,,,PA,Percent per annum,0,Units,,,2010,,,,2,Two,,,,
DATAFLOW,OECD.ECO.MAD:DSD_EO@DF_EO(1.5),Economic Outlook 119,I,SVN,Slovenia,GDPV_ANNPCT,"Gross domestic product, volume, growth",A,Annual,2026,,1.92907442006658,,,,PA,Percent per annum,0,Units,,,2010,,,,2,Two,,,,
DATAFLOW,OECD.ECO.MAD:DSD_EO@DF_EO(1.5),Economic Outlook 119,I,SVN,Slovenia,GDPV_ANNPCT,"Gross domestic product, volume, growth",A,Annual,2027,,2.23444730090858,,,,PA,Percent per annum,0,Units,,,2010,,,,2,Two,,,,
DATAFLOW,OECD.ECO.MAD:DSD_EO@DF_EO(1.5),Economic Outlook 119,I,CAN,Canada,GDPV_ANNPCT,"Gross domestic product, volume, growth",A,Annual,2023,,1.95308549811914,,,,PA,Percent per annum,0,Units,,,2017,,,,2,Two,,,,
DATAFLOW,OECD.ECO.MAD:DSD_EO@DF_EO(1.5),Economic Outlook 119,I,CAN,Canada,GDPV_ANNPCT,"Gross domestic product, volume, growth",A,Annual,2024,,2.04626608033469,,,,PA,Percent per annum,0,Units,,,2017,,,,2,Two,,,,
DATAFLOW,OECD.ECO.MAD:DSD_EO@DF_EO(1.5),Economic Outlook 119,I,CAN,Canada,GDPV_ANNPCT,"Gross domestic product, volume, growth",A,Annual,2025,,1.74268534332855,,,,PA,Percent per annum,0,Units,,,2017,,,,2,Two,,,,
DATAFLOW,OECD.ECO.MAD:DSD_EO@DF_EO(1.5),Economic Outlook 119,I,CAN,Canada,GDPV_ANNPCT,"Gross domestic product, volume, growth",A,Annual,2026,,1.15664600311551,,,,PA,Percent per annum,0,Units,,,2017,,,,2,Two,,,,
DATAFLOW,OECD.ECO.MAD:DSD_EO@DF_EO(1.5),Economic Outlook 119,I,CAN,Canada,GDPV_ANNPCT,"Gross domestic product, volume, growth",A,Annual,2027,,1.6865854732046,,,,PA,Percent per annum,0,Units,,,2017,,,,2,Two,,,,
DATAFLOW,OECD.ECO.MAD:DSD_EO@DF_EO(1.5),Economic Outlook 119,I,SWE,Sweden,GDPV_ANNPCT,"Gross domestic product, volume, growth",A,Annual,2023,,0.025383362595278,,,,PA,Percent per annum,0,Units,,,2024,,,,2,Two,,,,
DATAFLOW,OECD.ECO.MAD:DSD_EO@DF_EO(1.5),Economic Outlook 119,I,SWE,Sweden,GDPV_ANNPCT,"Gross domestic product, volume, growth",A,Annual,2024,,0.975312608015486,,,,PA,Percent per annum,0,Units,,,2024,,,,2,Two,,,,
DATAFLOW,OECD.ECO.MAD:DSD_EO@DF_EO(1.5),Economic Outlook 119,I,SWE,Sweden,GDPV_ANNPCT,"Gross domestic product, volume, growth",A,Annual,2025,,1.80808470430124,,,,PA,Percent per annum,0,Units,,,2024,,,,2,Two,,,,
DATAFLOW,OECD.ECO.MAD:DSD_EO@DF_EO(1.5),Economic Outlook 119,I,SWE,Sweden,GDPV_ANNPCT,"Gross domestic product, volume, growth",A,Annual,2026,,1.8990478016776,,,,PA,Percent per annum,0,Units,,,2024,,,,2,Two,,,,
DATAFLOW,OECD.ECO.MAD:DSD_EO@DF_EO(1.5),Economic Outlook 119,I,SWE,Sweden,GDPV_ANNPCT,"Gross domestic product, volume, growth",A,Annual,2027,,2.5437358750964,,,,PA,Percent per annum,0,Units,,,2024,,,,2,Two,,,,
DATAFLOW,OECD.ECO.MAD:DSD_EO@DF_EO(1.5),Economic Outlook 119,I,NOR,Norway,GDPV_ANNPCT,"Gross domestic product, volume, growth",A,Annual,2023,,0.352689446197743,,,,PA,Percent per annum,0,Units,,,2023,,,,2,Two,,,,
DATAFLOW,OECD.ECO.MAD:DSD_EO@DF_EO(1.5),Economic Outlook 119,I,NOR,Norway,GDPV_ANNPCT,"Gross domestic product, volume, growth",A,Annual,2024,,1.42372656427166,,,,PA,Percent per annum,0,Units,,,2023,,,,2,Two,,,,
DATAFLOW,OECD.ECO.MAD:DSD_EO@DF_EO(1.5),Economic Outlook 119,I,NOR,Norway,GDPV_ANNPCT,"Gross domestic product, volume, growth",A,Annual,2025,,1.08527085678261,,,,PA,Percent per annum,0,Units,,,2023,,,,2,Two,,,,
DATAFLOW,OECD.ECO.MAD:DSD_EO@DF_EO(1.5),Economic Outlook 119,I,NOR,Norway,GDPV_ANNPCT,"Gross domestic product, volume, growth",A,Annual,2026,,1.30861567039713,,,,PA,Percent per annum,0,Units,,,2023,,,,2,Two,,,,
DATAFLOW,OECD.ECO.MAD:DSD_EO@DF_EO(1.5),Economic Outlook 119,I,NOR,Norway,GDPV_ANNPCT,"Gross domestic product, volume, growth",A,Annual,2027,,1.16942950735084,,,,PA,Percent per annum,0,Units,,,2023,,,,2,Two,,,,
DATAFLOW,OECD.ECO.MAD:DSD_EO@DF_EO(1.5),Economic Outlook 119,I,MEX,Mexico,GDPV_ANNPCT,"Gross domestic product, volume, growth",A,Annual,2023,,3.11074314056198,,,,PA,Percent per annum,0,Units,,,2018,,,,2,Two,,,,
DATAFLOW,OECD.ECO.MAD:DSD_EO@DF_EO(1.5),Economic Outlook 119,I,MEX,Mexico,GDPV_ANNPCT,"Gross domestic product, volume, growth",A,Annual,2024,,1.11404886439192,,,,PA,Percent per annum,0,Units,,,2018,,,,2,Two,,,,
DATAFLOW,OECD.ECO.MAD:DSD_EO@DF_EO(1.5),Economic Outlook 119,I,MEX,Mexico,GDPV_ANNPCT,"Gross domestic product, volume, growth",A,Annual,2025,,0.790892965481376,,,,PA,Percent per annum,0,Units,,,2018,,,,2,Two,,,,
DATAFLOW,OECD.ECO.MAD:DSD_EO@DF_EO(1.5),Economic Outlook 119,I,MEX,Mexico,GDPV_ANNPCT,"Gross domestic product, volume, growth",A,Annual,2026,,0.806250767725231,,,,PA,Percent per annum,0,Units,,,2018,,,,2,Two,,,,
DATAFLOW,OECD.ECO.MAD:DSD_EO@DF_EO(1.5),Economic Outlook 119,I,MEX,Mexico,GDPV_ANNPCT,"Gross domestic product, volume, growth",A,Annual,2027,,1.79444525774765,,,,PA,Percent per annum,0,Units,,,2018,,,,2,Two,,,,
