iso,round,target,IMF,OECD,EC,actual
AUS,autumn2020,2021,2.952658,3.239341,4.600018,5.358
AUT,autumn2020,2021,4.646,1.384723,4.115938,4.923
BEL,autumn2020,2021,5.35176,4.68747,4.123905,6.254
BGR,autumn2020,2021,4.1,3.305528,2.564971,7.828
CAN,autumn2020,2021,5.175956,3.474306,4.030004,5.951
CHE,autumn2020,2021,3.581392,2.159376,3.705839,6.167
CZE,autumn2020,2021,5.117228,1.503733,3.130023,4.029
DEU,autumn2020,2021,4.184412,2.798972,3.516842,3.913
DNK,autumn2020,2021,3.5,1.80007,3.531543,6.499
ESP,autumn2020,2021,7.154171,4.995845,5.350854,6.683
EST,autumn2020,2021,4.5,3.424594,3.401442,8.255
FIN,autumn2020,2021,3.571969,1.535837,2.900169,2.676
FRA,autumn2020,2021,6.026068,6.027964,5.795266,6.795
GBR,autumn2020,2021,5.920651,4.200661,3.314035,8.543
GRC,autumn2020,2021,4.117469,0.897956,5.021237,8.654
HUN,autumn2020,2021,3.9,2.553821,3.957535,7.223
IRL,autumn2020,2021,4.942971,0.110734,2.947813,16.258
ISL,autumn2020,2021,4.107104,3.003667,3.117901,5.181
ITA,autumn2020,2021,5.240094,4.287482,4.051034,8.931
JPN,autumn2020,2021,2.321447,2.321838,2.728025,3.564
KOR,autumn2020,2021,2.871275,2.841103,2.700001,4.613
LTU,autumn2020,2021,4.063589,2.671608,2.961601,6.376
LUX,autumn2020,2021,5.85631,1.471568,3.915207,6.93
LVA,autumn2020,2021,5.2,2.40032,4.944457,6.943
MEX,autumn2020,2021,3.529771,3.558844,3.800019,6.048
NLD,autumn2020,2021,4.047435,0.822623,2.161324,6.278
NOR,autumn2020,2021,3.558851,3.234435,2.753372,4.143
NZL,autumn2020,2021,4.356416,2.733896,4.899974,5.511
POL,autumn2020,2021,4.599349,2.921948,3.342233,6.927
PRT,autumn2020,2021,6.5,1.717907,5.360661,5.559
ROU,autumn2020,2021,4.572828,2.013358,3.303942,5.587
SVK,autumn2020,2021,6.9,2.683805,4.71876,5.656
SVN,autumn2020,2021,5.2,3.440902,5.07018,8.417
SWE,autumn2020,2021,3.466512,3.273526,3.294316,5.226
TUR,autumn2020,2021,4.996951,2.91771,3.939941,11.811
USA,autumn2020,2021,3.078166,3.192021,3.737796,6.152
AUS,spring2021,2022,2.751738,3.433386,2.999976,4.208
AUT,spring2021,2022,4.0,4.238121,4.281465,5.331
BEL,spring2021,2022,3.090804,3.506138,3.671117,3.956
BGR,spring2021,2022,4.4,4.436827,4.651309,4.084
CAN,spring2021,2022,4.652673,3.753636,3.0,4.695
CHE,spring2021,2022,2.800029,2.883171,2.450214,3.594
CZE,spring2021,2022,4.290191,4.887218,4.433317,2.847
DEU,spring2021,2022,3.424315,4.408299,4.05477,1.807
DNK,spring2021,2022,2.85,2.906565,3.486775,0.444
ESP,spring2021,2022,4.70061,6.256647,6.777992,6.37
EST,spring2021,2022,4.2,4.970799,5.026254,-1.226
FIN,spring2021,2022,2.509418,2.68429,2.751701,0.763
FRA,spring2021,2022,4.217405,3.957313,4.211477,2.797
GBR,spring2021,2022,5.065583,5.52196,5.299041,5.15
GRC,spring2021,2022,5.000182,4.955854,5.956684,5.522
HUN,spring2021,2022,5.9,4.966223,5.482006,4.152
IRL,spring2021,2022,4.840495,5.128944,4.975987,7.511
ISL,spring2021,2022,3.568467,4.70852,3.94861,8.857
ITA,spring2021,2022,3.603919,4.387481,4.393459,4.821
JPN,spring2021,2022,2.525374,2.035067,2.528108,1.332
KOR,spring2021,2022,2.803152,2.834236,3.300003,2.728
LTU,spring2021,2022,3.216564,3.954472,3.931231,2.444
LUX,spring2021,2022,3.600225,2.793076,3.325255,-1.098
LVA,spring2021,2022,5.192674,5.621847,6.018459,1.909
MEX,spring2021,2022,3.001946,3.176884,2.399987,3.71
NLD,spring2021,2022,2.991015,3.734075,3.579049,5.007
NOR,spring2021,2022,3.994221,3.719684,2.216021,4.08
NZL,spring2021,2022,3.195463,3.778221,2.999991,2.616
POL,spring2021,2022,4.54281,4.740262,5.429477,5.255
PRT,spring2021,2022,4.8,4.935963,5.098879,6.986
ROU,spring2021,2022,4.800562,4.578499,4.858636,4.188
SVK,spring2021,2022,4.449736,5.16311,5.227924,0.545
SVN,spring2021,2022,4.514108,4.622166,5.077021,2.669
SWE,spring2021,2022,2.956947,3.409009,3.271845,1.255
TUR,spring2021,2022,3.498682,3.384002,4.223149,5.441
USA,spring2021,2022,3.515399,3.55558,3.841358,2.524
AUS,autumn2021,2022,4.13774,4.142973,2.999955,4.208
AUT,autumn2021,2022,4.5,4.573895,4.888358,5.331
BEL,autumn2021,2022,3.107279,3.188505,2.647136,3.956
BGR,autumn2021,2022,4.4,4.209083,4.110131,4.084
CAN,autumn2021,2022,4.889471,3.875833,3.400001,4.695
CHE,autumn2021,2022,2.992364,3.02277,2.540603,3.594
CZE,autumn2021,2022,4.488742,2.95638,4.3715,2.847
DEU,autumn2021,2022,4.560425,4.05178,4.592778,1.807
DNK,autumn2021,2022,3.0,2.413521,2.723714,0.444
ESP,autumn2021,2022,6.38505,5.521553,5.527824,6.37
EST,autumn2021,2022,4.2,4.508147,3.725897,-1.226
FIN,autumn2021,2022,2.962758,2.899385,2.827225,0.763
FRA,autumn2021,2022,3.931428,4.186997,3.766148,2.797
GBR,autumn2021,2022,5.013442,4.748874,4.777114,5.15
GRC,autumn2021,2022,4.606746,4.787582,5.160617,5.522
HUN,autumn2021,2022,5.1,5.041391,5.429972,4.152
IRL,autumn2021,2022,3.537945,5.679496,5.091872,7.511
ISL,autumn2021,2022,4.070214,5.237899,4.3011,8.857
ITA,autumn2021,2022,4.233343,4.619861,4.268919,4.821
JPN,autumn2021,2022,3.198511,3.414892,2.346962,1.332
KOR,autumn2021,2022,3.294614,3.031909,3.499998,2.728
LTU,autumn2021,2022,4.072484,3.753969,3.640771,2.444
LUX,autumn2021,2022,3.845057,3.69403,3.736685,-1.098
LVA,autumn2021,2022,5.2,3.596265,5.048421,1.909
MEX,autumn2021,2022,4.000524,3.277911,2.499969,3.71
NLD,autumn2021,2022,3.159554,3.239183,3.348977,5.007
NOR,autumn2021,2022,4.067609,4.556385,2.844574,4.08
NZL,autumn2021,2022,3.327713,3.929684,3.000011,2.616
POL,autumn2021,2022,5.085815,5.249004,5.228008,5.255
PRT,autumn2021,2022,5.1,5.821368,5.321266,6.986
ROU,autumn2021,2022,4.830094,4.467713,5.063654,4.188
SVK,autumn2021,2022,5.192024,4.995526,5.297092,0.545
SVN,autumn2021,2022,4.559169,5.399524,4.154242,2.669
SWE,autumn2021,2022,3.378436,3.446926,3.524602,1.255
TUR,autumn2021,2022,3.288146,3.291428,4.00494,5.441
USA,autumn2021,2022,5.197544,3.733076,4.459774,2.524
AUS,spring2022,2023,2.455151,2.461706,2.500027,2.135
AUT,spring2022,2023,3.0,1.399945,1.874019,-0.786
BEL,spring2022,2023,1.35563,1.039327,1.776624,1.714
BGR,spring2022,2023,4.5,2.302221,3.115259,1.682
CAN,spring2022,2023,2.753181,2.601172,2.500013,1.953
CHE,spring2022,2023,1.401558,1.333218,2.033969,0.875
CZE,spring2022,2023,4.218514,2.021826,2.672986,0.048
DEU,spring2022,2023,2.721283,1.709442,2.409032,-0.872
DNK,spring2022,2023,1.7,1.369365,1.845373,0.607
ESP,spring2022,2023,3.315007,2.160953,3.372968,2.461
EST,spring2022,2023,2.2,1.789109,2.385581,-2.744
FIN,spring2022,2023,1.747381,0.600597,1.66432,-1.289
FRA,spring2022,2023,1.356243,1.355073,1.769109,1.62
GBR,spring2022,2023,1.196662,0.021712,1.58595,0.272
GRC,spring2022,2023,2.564612,2.534119,3.064409,2.136
HUN,spring2022,2023,3.64,2.512837,2.566297,-0.817
IRL,spring2022,2023,4.998898,2.732233,4.434831,-2.536
ISL,spring2022,2023,2.324041,2.750138,3.288417,5.032
ITA,spring2022,2023,1.663208,1.154007,1.851291,0.923
JPN,spring2022,2023,2.315194,1.825357,1.846182,0.721
KOR,spring2022,2023,2.940716,2.529553,2.400001,1.583
LTU,spring2022,2023,2.590287,1.618473,2.551023,0.826
LUX,spring2022,2023,2.094962,2.067185,2.669785,0.099
LVA,spring2022,2023,2.351075,1.596291,2.886102,-0.942
MEX,spring2022,2023,2.502288,2.132583,2.600024,3.107
NLD,spring2022,2023,2.036866,1.135881,1.56825,-0.601
NOR,spring2022,2023,2.573636,2.323497,2.574746,0.353
NZL,spring2022,2023,2.644691,2.01693,2.500027,2.181
POL,spring2022,2023,2.853384,1.763234,3.019462,0.25
PRT,spring2022,2023,2.1,1.703905,2.660492,3.1
ROU,spring2022,2023,3.387742,2.643899,3.6026,2.258
SVK,spring2022,2023,5.0,3.353611,3.568805,2.113
SVN,spring2022,2023,2.986727,2.489174,3.083663,2.376
SWE,spring2022,2023,2.71667,1.039345,1.39559,-0.204
TUR,spring2022,2023,3.039585,3.01138,3.041082,5.045
USA,spring2022,2023,2.250052,1.217898,2.331949,2.935
AUS,autumn2022,2023,1.891489,1.911281,2.500003,2.135
AUT,autumn2022,2023,1.0,0.102829,0.303356,-0.786
BEL,autumn2022,2023,0.38063,0.483916,0.160819,1.714
BGR,autumn2022,2023,2.969365,1.6827,1.08062,1.682
CAN,autumn2022,2023,1.450822,1.033163,1.599988,1.953
CHE,autumn2022,2023,0.800175,0.597191,1.206889,0.875
CZE,autumn2022,2023,1.498109,-0.123214,0.054449,0.048
DEU,autumn2022,2023,-0.293739,-0.2964,-0.625955,-0.872
DNK,autumn2022,2023,0.6,0.135439,0.012541,0.607
ESP,autumn2022,2023,1.211338,1.251792,0.95504,2.461
EST,autumn2022,2023,1.8,0.482223,0.671181,-2.744
FIN,autumn2022,2023,0.466888,-0.290325,0.239988,-1.289
FRA,autumn2022,2023,0.657947,0.631926,0.439507,1.62
GBR,autumn2022,2023,0.314638,-0.412702,-0.922871,0.272
GRC,autumn2022,2023,1.811467,1.592978,0.976941,2.136
HRV,autumn2022,2023,3.5,0.759028,1.001592,3.76
HUN,autumn2022,2023,1.8,1.455432,0.082031,-0.817
IRL,autumn2022,2023,3.999857,3.847246,3.172256,-2.536
ISL,autumn2022,2023,2.915906,2.534195,2.362483,5.032
ITA,autumn2022,2023,-0.181252,0.200254,0.314737,0.923
JPN,autumn2022,2023,1.613199,1.820019,1.615401,0.721
KOR,autumn2022,2023,2.043515,1.772959,1.6,1.583
LTU,autumn2022,2023,1.113781,1.55645,0.476937,0.826
LUX,autumn2022,2023,1.119902,1.450957,0.951937,0.099
LVA,autumn2022,2023,1.607737,-0.224889,-0.337062,-0.942
MEX,autumn2022,2023,1.150105,1.634958,1.400044,3.107
NLD,autumn2022,2023,0.798318,0.815621,0.648573,-0.601
NOR,autumn2022,2023,2.570613,1.84843,1.843153,0.353
NZL,autumn2022,2023,1.905667,1.029121,2.299996,2.181
POL,autumn2022,2023,0.493281,0.908634,0.672137,0.25
PRT,autumn2022,2023,0.650058,1.026913,0.716961,3.1
ROU,autumn2022,2023,3.079996,1.43275,1.791199,2.258
SVK,autumn2022,2023,1.5,0.544324,0.516794,2.113
SVN,autumn2022,2023,1.671521,0.528574,0.825411,2.376
SWE,autumn2022,2023,-0.135705,-0.633805,-0.558947,-0.204
TUR,autumn2022,2023,3.026278,2.960803,3.471489,5.045
USA,autumn2022,2023,0.995303,0.544246,0.699438,2.935
